Указател » Визитник » Фирми,crm_Companies,bg,"Тук се съхранява информацията за всички фирми (юридически лица), учреждения, организации и институции.",https://bgerp.com/Bg/Rabota-s-kontragenti-Firmi,"контрагент, локация, визитка, клиент, фирма"
Указател » Визитник » Лица,crm_Persons,bg,"Тук се съхранява информацията само на физическите лица (хората) в качеството им или на самостоятелни субекти (клиенти, персонал и т.н.), или на представляващи съответните фирми и институции, включени в страница Фирми.",https://bgerp.com/Bg/Rabota-s-kontragenti-Litsa,"лице, представител, контрагент"
Указател » Визитник » Групи,crm_Groups,bg,Визитките на фирми или физически лица могат да се групират. Някои от групите се генерират при инсталацията на системата и имат служебно значение. Потребителите могат също да добавят групи.,https://bgerp.com/Bg/Rabota-s-kontragenti-Grupi,"групи, едновременно, контрагенти"
Указател » Визитник » Локации,crm_Locations,bg,"Всяка визитка на фирма или лице може да има една или повече локации. Те представляват физически места с определен адрес и координати на картата, които изпълняват различни функции: офис, склад, магазин, завод и т.н.",https://bgerp.com/Bg/Rabota-s-kontragenti-Lokatsii/,"локация, адрес, координати"
Указател » Визитник » Профили,crm_Profiles,bg,Съдържа списък с връзки кам профилите на потребителите на системата.,https://bgerp.com/Bg/Rabota-s-kontragenti-Profili/,"потребителски профил, потребител"
Документи » Всички » Папки,doc_Folders,bg,"Тук се съдържа списък с всички папки, до които текущият потребител има достъп. В общия случай това са собствените му папки (на които е отговорник), и тези, които са му споделени.",https://bgerp.com/Bg/Papki-nishki-i-dokumenti/,"папка, нишка"
Документи » Всички » Теми,doc_Threads,bg,Това е списък с всички теми /нишки/ в дадена папка.,https://bgerp.com/Bg/Papki-nishki-i-dokumenti/,"папка, нишка, тема"
Документи » Всички » Нишка,doc_Containers,bg,Tук може да видите хронологичен списък на всички документи в нишката.,https://bgerp.com/Bg/Papki-nishki-i-dokumenti/,
Документи » Всички » Търсене,doc_Search,bg,Търсене на документи в цялата система.,https://bgerp.com/A/a/search/,
Документи » Всички » Проекти,doc_UnsortedFolders,bg,"Това е списък с кориците на папки от тип ""Проект"". В папките от този вид могат да се съдържат разнообразни документи.",https://bgerp.com/Bg/Rabota-po-proekt/,"проект, задача"
Документи » Всички » Файлове,doc_Files,bg,Тук се съдържат всички прикачени файлове.,https://bgerp.com/Bg/Sistema-Faylove/,файл
Документи » Всички » Изгледи,doc_TplManager,bg,Тук се съдържа списък на всички HTML шаблони за типовете документи използвани в системата.,https://bgerp.com/Bg/Dokumenti-Obshti/,"HTML , шаблон"
Пакет `email`,email_Incomings,bg,Тук се съдържат постъпващите от различните имейл сметки електронни писма.,https://bgerp.com/A/a/Dokumenti-Imeyli/,
Документи » Имейли » Изходящи,email_Outgoings,bg,Тук се съдържат всички изпратени имейли.,https://bgerp.com/A/a/Dokumenti-Imeyli/,"имейл, акаунт"
Документи » Имейли » Акаунти,email_Accounts,bg,Тук се настройват входно/изходни пощенски сметки.,https://bgerp.com/Bg/Zadavane-na-IMAP-POP3-akaunt/,
Документи » Имейли » Рутиране » Потребителски правила,email_Filters,bg,Тук се задават потребителските правила за рутиране (разпределяне) на входящите имейли по пощенски кутии.,https://bgerp.com/A/a/Rutirane/,"рутиране, разпределение"
Документи  » Имели » Входящи » Върнати,email_Returned,bg,Тук се съдържат върнатите поради възникнали грешки писма.,,
Документи  » Имели » Входящи » Разписки,email_Receipts,bg,"Тук се съдържат обратните разписки, които някои имейл клиенти изпращат, когато писмото е получено.",,
Документи  » Имели » Входящи » Спам,email_Spam,bg,"Тук се съдържа списък с писмата, които са определени като СПАМ от системата.",,
Документи  » Имели » Входящи » Непарсируеми,email_Unparsable,bg,"Тук се съдържат получени писма, които системата не може да обработи, така че да станат годни за четене от потребител.",,
Документи  » Имели » Входящи » Отпачатъци,email_Fingerprints,bg,"Тук се съдържат хешове на получени писма, за да се предотврати повторното им изтегляне.",,
Документи » Имейли » Кутии,email_Inboxes,bg,"Това е списък с вътрешните пощенски кутии. Всяка кутия е към дадена IMAP сметка, като към някои сметки могат да се създават множество сметки.",https://bgerp.com/Bg/Zadavane-na-IMAP-POP3-akaunt/,"IMAP/POP3 акаунт, имейл"
Документи » Имейли » Рутиране » Автоматично рутиране,email_Router,bg,Това е списък с автоматично генерираните правила за рутиране (разпределяне) на писмата по пощенски кутии.,https://bgerp.com/A/a/Rutirane/,"рутиране, разпределение"
Указател » Календар » Календар » Списък,cal_Calendar,bg,"Тук се съдържа информация за национални, религиозни и международни празници и неработни дни. Включват се и всички задачи, напомняния и рождени дни на Лицата от Визитника.",https://bgerp.com/Bg/Rabota-s-kalendara//,"календар, задачи, напомняне"
Указател » Календар » Задачи,cal_Tasks,bg,"Тук се показват всички задачи, създадени от текущия потребител, както и тези, на които той е отговорник (които са му споделени). Задачите в [b]bgERP[/b] са специфичен документ за планиране и/или възлагане на определено действие и проследяване на неговото извършване.",https://bgerp.com/Bg/Zadachi-i-proekti/,"задача, задачи"
Указател » Календар » Напомняния,cal_Reminders,bg,"Тук се показват всички Напомняния, на които текущия потребител е отговорник (които са му споделени). Основни предназначения на напомнянията са - известяване преди събитието, периодични нотификации, действия при активиране",https://bgerp.com/Bg/Sazdavane-na-napomnyane/,"нотификации, напомняния"
Указател » Разпращане » Списъци,blast_Lists,bg,"Тук се поддържат контактни списъци за групово изпращане на писма, факсове и имейли, с произволен набор от данни за получателите, с възможност както за ръчно въвеждане, така и за импорт на данните в CSV формат.",https://bgerp.com/Bg/Spisatsi-s-kontragenti/,"персонализиране, циркулярни, контакти"
Указател » Разпращане » Имейли,blast_Emails,bg,Съдържа регистър на създадените циркулярни имейли и тук е възможно създаването на нови такива.,https://bgerp.com/Bg/Tsirkulyarni-imeyl/,"циркулярни, персонализиране, циркулярен"
Указател » Разпращане » Писма,blast_Letters,bg,"Работата с циркулярни писма е аналогична на тази с циркулярни имейли, но с тази разлика, че в края на процеса писмата не се изпращат от системата, а се разпечатват на принтер.",https://bgerp.com/Bg/Tsirkulyarni-pisma/,"циркулярни, писма"
Указател » Разпращане » Блокирани,blast_BlockedEmails,bg,"Тук се съдържа информация за всички адреси, до които да не се изпращат циркулярни съобщения.",https://bgerp.com/A/a/Organayzer-Razprashtane/,
Артикули » Каталог » Списък,cat_Products,bg,"Тук се съдържа информацията за всички артикули - материални и нематериални, които фирмата ползва, произвежда и/или търгува при осъществяване на дейността си.",https://bgerp.com/Bg/Sazdavane-i-redaktirane-1/,"артикул, каталог, стоки, продукт, материал"
Артикули » Каталог » Групи,cat_Groups,bg,Тък се управляват групите на артикулите. Те придават определени допълнителни свойства на артикулите.,https://bgerp.com/Bg/Artikuli-Katalog/#Grupi,"артикул, групи, свойства"
Артикули » Каталог » Категории,cat_Categories,bg,Тук се съдържа информация за всички категории на артикулите.,https://bgerp.com/Bg/Artikuli-Katalog/#Kategorii,"артикул, категория, свойства"
Артикули » Каталог » Параметри,cat_Params,bg,Тук се съдържа информация за дефинираните в системата параметри на артикулите. Възможно е добавянето на нови такива.,https://bgerp.com/cms_Articles/Article/250#Parametri,"параметър, артикул"
Артикули » Каталог » Мерки » Мерки,cat_UoM,bg,Тук се съдържа информация за дефинираните мерни единици и опаковки в системата.,https://bgerp.com/Bg/Artikuli-Katalog/#Merki-i-Opakovki,"опаковки, мерки, основна"
Артикули » Каталог » Рецепти,cat_Boms,bg,Страницата съдържа списък с технологичните рецепти за производство на артикули. Технологична рецепта се създава от общия изглед на производим артикул или от активно Задание за производство.,https://bgerp.com/Bg/Tehnologichni-retsepti/,"рецепта, задание"
Артикули » Каталог » Кеш,cat_ProductTplCache,bg,Тук се съдържа информация за кешираните изгледи на артикулите в бизнес документите,,
Артикули » Ценообразуване » Политики » Всички политики,price_Lists,bg,"Тук се дефинират и поддържат множество цени, зависещи от себестойността на продукта и избраната от фирмата ценова политика, поддържайки при това пълна хронология на прилаганите към клиентите цени.",https://bgerp.com/Bg/Standartno-tsenoobrazuvane-1/,"ценообразуване, ценоразпис, политика, себестойност, каталог"
Система » Админ » Код » Пакети,core_Packs,bg,"Тук са показани всички пакети. Сините пакети са неисталирани. От връзките в описанието им, пакетите могат да се инсталират,настройват, инициализират (обновяват) и премахват.",https://bgerp.com/Bg/Paketi-Menu/,"пакети, настройка, управление, обновяване"
Система » Админ » Потребители,core_Users,bg,Това е списък с всички потребители в системата. От тук администратора на [b]bgERP[/b] може да добавя нови потребители или да редактира данните на съществуващите.,https://bgerp.com/Bg/Dobavyane-na-nov-potrebitel/,"потребител, роля, права, достъп, екип"
Система » Админ » Роли,core_Roles,bg,"Това са ролите, дефинирани в системата чрез които се определя достъпа на потребителите до различните ресурси. Има следните типове роли: [i]системна[/i], [i]модулна[/i], [i]за екип[/i] и [i]за ранг[/i]. Всеки потребител трябва да има една роля за ранг и една или повече роли за принадлежност към екип.",https://bgerp.com/Bg/Dobavyane-na-nov-potrebitel/,"потребител, роля, права, достъп, екип, ранг"
Система » Админ » Превод » Система,core_Lg,bg,"Тук се съдържа речникът със значения, посредством които потребителският интерфейса на [b]bgERP[/b] се превежда на различни езици от системата.",https://bgerp.com/Bg/System-Admin/,"превод, администриране"
Система » Админ » Превод » Потребителски,core_UserTranslates,bg,Администратора на системата може да коригира или допълни превода. Страницата съдържа добавените значения,https://bgerp.com/Bg/System-Admin/,
Система » Админ » Крон,core_Cron,bg,Това е списък на периодично стартиращите се автоматични процеси в системата. Те са от съществено значение за нейната нормална работа.,https://bgerp.com/Bg/System-Admin/#Kron-periodichni-protsesi,"крон, периодични, задаване"
Система » Админ » Плъгини,core_Plugins,bg,Тук се съдържа регистър на използваните в системата плъгини.,,
Система » Админ » Логове » Системен,log_System,bg,Тук се съдържа информация за всички действия в системата. Тази информация по-късно може да бъде използвана за проследяване на работата на даден потребител или промените на даден обект.,https://bgerp.com/Bg/System-Admin/,
Система » Админ » Логове » Логин,core_LoginLog,bg,Тук се съдържа информация за влизането на потребителите в системата.,https://bgerp.com/Bg/System-Admin/,"логване, вход, изход"
Система » Админ » Логове » Действия,log_Actions,bg,Тук може да се проследят извършените действия  в системата - автоматични и от потребители,https://bgerp.com/Bg/System-Admin/,
,core_Cache,bg,Тук се съдържат откъси от данни,,
Система » Админ » Логове » Браузъри,log_Browsers,bg,Тук се съдържа списъка с информация за браузърите с които потребителите са ползвали [b]bgERP[/b].,,
Пакет `fileman` » Последни,fileman_Log,bg,Тук се съдържа списък с последно качените или разгледани от вас файлове в системата.,,
Сайт » CMS » Галерия » Картинки,cms_GalleryImages,bg,Тук се съдържа списък с картинките в галерията.,,
Сайт » CMS » Галерия » Групи,cms_GalleryGroups,bg,Тук се съдържа списък с групите на картинките в галерията.,,
Пакет `fileman` » Хранилища,fileman_Repositories,bg,Тук се съдържа списък с пътищата до хранилищата.,,
Система » Дефиниции » Доставки,cond_DeliveryTerms,bg,"Тук се съдържа списък с всички условия на доставка, които се използват при създаването на сделките за продажби и покупки.",https://bgerp.com/Bg/Sistema-Definitsii/,"транспорт, доставка, условия"
Система » Дефиниции » Плащания » Методи,cond_PaymentMethods,bg,Тук се съдържа списък с методите за плащане.,https://bgerp.com/Bg/Sistema-Definitsii/,"плащане, метод, средства"
Система » Дефиниции » Плащания » Средства,cond_Payments,bg,Тук се съдържа списък с възможните средства за плащане в точка на продажба (POS).,https://bgerp.com/Bg/Sistema-Definitsii/,"безналични, борика, чек"
Система » Дефиниции » Търг. условия » Видове,cond_Parameters,bg,"Тук се съдържа списък с условия, които могат да се присвояват на даден контрагент и да се използват при изготвянето на договори за търговски сделки.",https://bgerp.com/Bg/Sistema-Definitsii/,"условие, визитка, контрагент"
Система » Дефиниции » Пасажи » Групи,cond_Groups,bg,Записаните пасажи могат да се групират. Тук е списъка с групите и може да се създадат нови.,https://bgerp.com/Bg/Pisane-na-text/,пасаж
Обслужване » Централа » Разговори,callcenter_Talks,bg,В [b]bgERP[/b] е създадена възможност за интегриране на телефонната централа на фирмата. Поддържа се регистър на разговорите и е възможно автоматично свързване и изпращане на факсове и SMS. Тук се съдържа списък с всички обаждания от и към вътрешния номер на текущия потребител.,https://bgerp.com/Bg/Callcenter/,"колцентър, централа, телефон"
Обслужване » Централа » Факсове,callcenter_Fax,bg,Тук се съдържа списък с изпратени факсове от потребителите на системата.,https://bgerp.com/Bg/Callcenter/,"факс, SMS"
Обслужване » Централа » SMS-и,callcenter_SMS,bg,Тук се съдържа списък с изпратени SMS-и от потребителите на системата.,https://bgerp.com/Bg/Callcenter/,"SMS, факс"
Обслужване » Централа » Номера,callcenter_Numbers,bg,Тук се съдържа списък на всички телефонни номера обхванати в системата.,https://bgerp.com/Bg/Callcenter/,"телефон, номер"
Обслужване » Поддръжка » Системи,support_Systems,bg,"Системите са папки от специален тип, предназначени да съдържат документи свързани с регистрирането на проблеми и тяхното последващо отстраняване.",https://bgerp.com/A/a/Obslujvane-Poddrajka/,
Обслужване » Поддръжка » Типове,support_IssueTypes,bg,Тук се съдържа списък с всички възможни типове за сигнал.,https://bgerp.com/A/a/Obslujvane-Poddrajka/,"сигнал, тип"
Обслужване » Лаб » Тестове,lab_Tests,bg,Тук се съдържа списък с всички лабораторни тестове.,https://bgerp.com/Bg/Laboratory/,
Обслужване » Лаб » Методи,lab_Methods,bg,Тук се съдържа списък с всички методи за лабораторни тестове.,https://bgerp.com/Bg/Laboratory/,"тест, изследване"
Обслужване » Лаб » Параметри,lab_Parameters,bg,Тук се съдържа списък с всички параметри за лабораторни тестове.,https://bgerp.com/Bg/Laboratory/,
Обслужване » Анкети » Анкети,survey_Surveys,bg,Тук се съдържа списък с всички анкети.,https://bgerp.com/Bg/Surveys/,
Обслужване » Анкети » Въпроси,survey_Alternatives,bg,Тук се съдържа списък с всички въпроси към анкети.,https://bgerp.com/Bg/Surveys/,
Обслужване » Анкети » Опции,survey_Options,bg,Тук се съдържа списък с всички опции - варианти за отговори към въпросите от анкетите.,https://bgerp.com/Bg/Surveys/,"отговор, въпрос, анкета"
Обслужване » Анкети » Гласуване,survey_Votes,bg,Тук се съдържа списък с всички гласувания.,https://bgerp.com/Bg/Surveys/,
Счетоводство » Книги » Оборотни ведомости,acc_Balances,bg,Тук се генерират моментни обобщени снимки (оборотни ведомости) на цялостното състояние на предприятието към текущия момент в парично изражение.,https://bgerp.com/Bg/Oborotna-vedomost/,
Счетоводство » Книги » Документи » Мемориални ордери,acc_Articles,bg,"Тук се съдържат всички ръчно генерирани мемориални ордери за осчетоводяване на специфични и инцидентни стопански операции, които не са описани от документ в системата.",https://bgerp.com/Bg/Nestandartni-operatsii/#Memorialni-Orderi,
Счетоводство » Книги » Журнал,acc_Journal,bg,"Това е регистър на всички счетоводни статии, в системата. Всеки запис в журнала съдържа линк както към документа, който го е генерирал, така и към детайлния изглед на генерираната счетоводна статия.",https://bgerp.com/A/a/Schetovodstvo-Knigi/#Jurnal,
Счетоводство » Книги » Документи » Приключване на период,acc_ClosePeriods,bg,Тук се съдържа списък с всички приключени периоди. Документът Приключване на период се съставя за приключване на счетоводен период. С него се начислява и осчетоводява ДДС и се вземат автоматични операции за отнасяне на приходите от сделки по конкретните им сметки.,https://bgerp.com/Bg/Nestandartni-operatsii/#Priklyuchvane-na-period,
Счетоводство » Книги » Документи » Поправки,acc_BalanceRepairs,bg,Тук се съдържа регистър на издадените документи от вида - Корекция на грешки от закръгляния. При продажбите и покупките е възможно да възникват минимални грешки от закръгляване на сумите.,https://bgerp.com/Bg/Nestandartni-operatsii/#Korektsia-na-greshki-ot-zakraglyania,
Счетоводство » Книги » Документи » Трансфери,acc_BalanceTransfers,bg,"Тук се съдържа списък с всички прехвърляния по салда.
Салда могат да се прехвърлят само между съпоставими сметки.",,
Счетоводство » ДА » Инвентарна книга,accda_Da,bg,Това е регистър на всички дълготрайни активи на фирмата с подробна информация за актива.,https://bgerp.com/A/a/Schetovodstvo-DA/,
Счетоводство » ДА » Документи,accda_Documents,bg,"Тук се включват всички вторични счетоводни документи, свързани с управлението на дълготрайните активи.",https://bgerp.com/A/a/Schetovodstvo-DA/,
Счетоводство » Настройки » Периоди,acc_Periods,bg,Тук се дефинират и настройват счетоводните периоди.,https://bgerp.com/Bg/Schetovodstvo-Nastroyki/#Periodi,
Счетоводство » Настройки » Номенклатури,acc_Lists,bg,"Тук се съдържа списък с всички счетоводни номенклатури в системата. Могат да бъдат създадени неограничен брой допълнителни номенклатури - както ръчни, така и автоматични, използващи наличен или допълнително разработен интерфейс.",https://bgerp.com/Bg/Schetovodstvo-Nastroyki/#Nomenklaturi,
Счетоводство » Настройки » Пера,acc_Items,bg,Тук се съдържа списък с всички пера към избраната номенклатура.,https://bgerp.com/Bg/Schetovodstvo-Nastroyki/#Pera,
Счетоводство » Настройки » Сметки,acc_Accounts,bg,"След инсталирането на системата, тук се предлага стандартен сметкоплан, който може да бъде свободно променян и допълван.",https://bgerp.com/Bg/Schetovodstvo-Nastroyki/#Smetki,
Счетоводство » Настройки » Свойства » Свойства,acc_Features,bg,"Тук се съдържа списък с всички присвоени свойства и техните стойности за пера в номенклатурата, които се следят от системата.",https://bgerp.com/Bg/Schetovodstvo-Nastroyki/#Svoystva,
Счетоводство » Настройки » Свойства » Заглавия,acc_FeatureTitles,bg,Съдържа списък със заглавията на свойствата,,
Счетоводство » Настройки » Лимити,acc_Limits,bg,"Тук се създава възможност за задаване на лимити (минимум и максимум) за всяка сметка, които системата да следи и при нужда - да сигнализира за достигането им.",https://bgerp.com/Bg/Schetovodstvo-Nastroyki/#Limiti,
Счетоводство » Настройки » ДДС групи,acc_VatGroups,bg,Тук се съдържа списък с всички данъчни групи.,,
Финанси » Валути » Списък,currency_Currencies,bg,"Тук се съдържа списък на всички валути за работа със системата. Модул ""Валути"" на bgERP предлага предварително дефинирани над 30 валути.",https://bgerp.com/Bg/Finansi-Valuti/,
Финанси » Валути » Валутни курсове,currency_CurrencyRates,bg,"Тук се съдържа списък на всички валутни курсове. Страницата поддържа списък на валутните курсове изтеглени за активните валути автоматично от системата, или ръчно от потребител.",https://bgerp.com/Bg/Finansi-Valuti/#Valutni-kursove,
Финанси » Каси » Каси,cash_Cases,bg,Тук се съдържа списък на всички левови и валутни каси на фирмата.,https://bgerp.com/A/a/Finansi-Kasi/,
Финанси » Каси » ПКО,cash_Pko,bg,Тук се съдържа списък на всички [b]приходни касови ордери[/b]. Касовите ордери се създават в нишки на сделки.,https://bgerp.com/A/a/Finansi-Kasi/#Prihodni-i-Razhodni-kasovi-orderi-PKO-i-RKO,
Финанси » Каси » РКО,cash_Rko,bg,Тук се съдържа списък на всички [b]разходни касови ордери[/b]. Касовите ордери се създават в нишки на сделки.,https://bgerp.com/A/a/Finansi-Kasi/#Prihodni-i-Razhodni-kasovi-orderi-PKO-i-RKO,
Финанси » Каси » ВКТ,cash_InternalMoneyTransfer,bg,Тук се съдържа списък на всички [b]вътрешно касови трансфери[/b].,https://bgerp.com/A/a/Finansi-Kasi/#Vatreshen-kasov-transfer-VKT,
Финанси » Каси » КОВ,cash_ExchangeDocument,bg,Тук се съдържа списък на всички документите за [b]касов обмен на валута[/b].,https://bgerp.com/A/a/Finansi-Kasi/#Kasova-obmyana-na-valuta-KOV,
,deals_OpenDeals,bg,"Тук се съдържа списък на всички сделки в системата,  които предстои да бъдат обработени.",,
Финанси » Банки » Наши сметки,bank_OwnAccounts,bg,Тук се съдържа списък на всички собствени сметки на фирмата.,https://bgerp.com/Bg/Finansi-Banki#Nashi-smetki,
Финанси » Банки » Всички сметки,bank_Accounts,bg,Тук се съдържа списък на всички банкови сметки (собствени и на контрагенти).,https://bgerp.com/Bg/Finansi-Banki#Vsichki-smetki,
Финанси » Банки » Документи » Приходни документи,bank_IncomeDocuments,bg,Тук се съдържа списък на всички приходни документи. Приходните банкови документи се съставят в нишка на сделка.,https://bgerp.com/Bg/Finansi-Banki#Dokumenti,
Финанси » Банки » Документи » Разходни документи,bank_SpendingDocuments,bg,"Тук се съдържа списък на всички разходни документи.
Разходните банкови документи се съставят в нишка на сделка.",https://bgerp.com/Bg/Finansi-Banki#Dokumenti,
Финанси » Банки » Документи » Вътрешни трансфери,bank_InternalMoneyTransfer,bg,Тук се съдържа списък на всички документи за прехвърляне на средства от една фирмена банкова сметка в друга или във фирмена каса.,https://bgerp.com/Bg/Finansi-Banki#Dokumenti,
Финанси » Банки » Документи » Обмени на валути,bank_ExchangeDocument,bg,Тук се съдържа списък на всички обмени от една в друга валута между банкови сметки на фирмата.,https://bgerp.com/Bg/Finansi-Banki#Dokumenti,
Финанси » Банки » Бланки » Платежни Нареждания,bank_PaymentOrders,bg,Тук се съдържа списък на всички бланки на платежни нареждания създадени в системата.,https://bgerp.com/Bg/Finansi-Banki#Blanki,
Финанси » Банки » Бланки » Нареждане Разписка,bank_CashWithdrawOrders,bg,Тук се съдържа списък на всички бланки за нареждания разписки.,https://bgerp.com/Bg/Finansi-Banki#Blanki,
Финанси » Банки » Бланки » Вносни Бележки,bank_DepositSlips,bg,Тук се съдържа списък на всички бланки за вносни бележки.,https://bgerp.com/Bg/Finansi-Banki#Blanki,
Финанси » Сделки » Финансови » Сделки,findeals_Deals,bg,"Това е списъка с документи от тип ""Финансова сделка"". Нов такъв документ може да се създаде в папка на контрагент (Фирма или Лице) като начало на нишка.",https://bgerp.com/Bg/Finansovi-sdelki,
Финанси » Сделки » Финансови » Приключвания,findeals_ClosedDeals,bg,Тук се съдържа  списък на създадените документи за приключване на финансова сделка.,https://bgerp.com/Bg/Finansovi-sdelki,
Финанси » Сделки » ПОЛ » Аванси,findeals_AdvanceDeals,bg,"Тук се съдържа списък на всички документите ""Служебен аванс"".",https://bgerp.com/Bg/Avansovi-otcheti/#Slujeben-avans,
Финанси » Сделки » ПОЛ » Отчети,findeals_AdvanceReports,bg,"Тук се съдържа списък на всички документите ""Авансов отчет"".",https://bgerp.com/Bg/Avansovi-otcheti/#Avansov-otchet,
Финанси » Сделки » Прехвърляния » Вземания,findeals_DebitDocuments,bg,"Тук се съдържа списък на всички документите ""Прехвърляния на вземания"".",https://bgerp.com/Bg/Priklyuchvane-na-prodajba-s-finansova-sdelka/,
Финанси » Сделки » Прехвърляния » Задължения,findeals_CreditDocuments,bg,"Тук се съдържа списък на всички документите ""Прехвърляния на задължения"".",https://bgerp.com/Bg/Prihvashtane-na-zadaljenie-po-pokupka/,
Счетоводство » Персонал » Структура » Таблица,hr_Departments,bg,Тук се показва  организационната структура на фирмата в графичен вид.,https://bgerp.com/Bg/Schetovodstvo-Personal/#Struktura,
Счетоводство » Персонал » Структура » Цикли,hr_WorkingCycles,bg,"Тук се съдържа списък на всички използвани от фирмата работни режими, т.е. последователността на работа и почивка.",https://bgerp.com/Bg/Schetovodstvo-Personal/#Struktura,
Счетоводство » Персонал » Документи » Договори,hr_EmployeeContracts,bg,"Страницата поддържа регистър на всички договори за наемане на работа на служители, с пълна информация за договорените условия и всички анекси, допълнителни споразумения и други документи, съгласно изискванията на трудовото законодателство.",https://bgerp.com/Bg/Schetovodstvo-Personal/#Dokumenti,
Счетоводство » Персонал » Структура » Шаблони,hr_ContractTypes,bg,"Тук се съдържа списък на всички използвани от фирмата работни режими, т.е. последователността на работа и почивка.",https://bgerp.com/Bg/Schetovodstvo-Personal/#Struktura,
Счетоводство » Персонал » Документи » Премии,hr_Bonuses,bg,Тук се въвеждат начислените на служителите премии.,https://bgerp.com/Bg/Schetovodstvo-Personal/#Dokumenti,
Счетоводство » Персонал » Документи » Удръжки,hr_Deductions,bg,Тук се въвеждат направените на служителите удръжки.,https://bgerp.com/Bg/Schetovodstvo-Personal/#Dokumenti,
Счетоводство » Персонал » Документи » Болнични,hr_Sickdays,bg,Тук се показват всички въведени болнични листи.,https://bgerp.com/Bg/Schetovodstvo-Personal/#Dokumenti,
Счетоводство » Персонал » Документи » Командировки,hr_Trips,bg,Тук се съдържа списък на издадените заповеди за командировка на служителите.,https://bgerp.com/Bg/Schetovodstvo-Personal/#Dokumenti,
Обслужване » Кетъринг » Меню,catering_Menu,bg,Тук се съдържа списък на ежедневните менюта от една или няколко фирми за доставка на храна на място.,https://bgerp.com/Bg/Obslujvane-Ketaring,
Обслужване » Кетъринг » Фирми,catering_Companies,bg,Тук се съдържа списък на всички достъпни и активни фирми за доставка на храна.,https://bgerp.com/Bg/Obslujvane-Ketaring,
Обслужване » Кетъринг » Столуващи,catering_EmployeesList,bg,"Това е форма за редактиране/добавяне на лицe, ползващo услугата.",https://bgerp.com/Bg/Obslujvane-Ketaring,
Обслужване » Кетъринг » Заявки,catering_Requests,bg,"Тук се съдържа списък на всички обработени заявки на столуващите, подадени на база на въведените в системата менюта за конкретната дата.",https://bgerp.com/Bg/Obslujvane-Ketaring,храна
Обслужване » Кетъринг » Поръчки,catering_Orders,bg,Тук се съдържа списък на всички генерирани в системата поръчки по дати към съответните доставчици.,https://bgerp.com/Bg/Obslujvane-Ketaring,храна
Търговия » Продажби » Продажби,sales_Sales,bg,"Тук се съдържа списък на всички извършени продажби.
Документът Продажба (Договор за продажба) се съставя в папка на контрагент и е начало - първи документ в нишка.",https://bgerp.com/Bg/Izvarshvane-na-prodajbi/,
Търговия » Продажби » Оферти,sales_Quotations,bg,Тук се съдържа списък на всички ценови оферти на продукт или група от продукти към конкретен клиент. Оферта се създава в папка на контрагент.,https://bgerp.com/Bg/Izvarshvane-na-prodajbi-Oferta/,
Търговия » Продажби » Фактури,sales_Invoices,bg,Тук се съдържа списък на всички издадени фактури към продажби. Документ Фактура се създава от активен документ Договор за продажба.,https://bgerp.com/Bg/Fakturirane-na-prodajbite/,
Търговия » Продажби » Проформи,sales_Proformas,bg,"Тук се съдържа списък на всички проформа фактури. Проформа фактура се използва при разминаване във времето на момента на доставка и момента на плащане.
Документ Проформа се създава от активен документ Договор за продажба.",https://bgerp.com/Bg/Fakturirane-na-prodajbite/#Proforma-faktura,
Търговия » Продажби » Протоколи,sales_Services,bg,Тук се съдържа списък на всички предавателени протоколи. Предавателен протокол се прави когато предметът на продажба е услуга и няма експедиция на материални запаси. Документ Предавателен протокол се създава от активен документ Договор за продажба.,https://bgerp.com/Bg/Expedirane-i-predavane/#Predavatelen-protokol-za-uslugi,
Търговия » Продажби » Декларации » Списък,dec_Declarations,bg,"Тук се съдържа списък на всички декларации за съответствие на продуктите, съгласно директивите на ЕС. Документ Декларация за съответствие се създава от активен документ Фактура.",https://bgerp.com/Bg/Deklaratsia-za-saotvetstvie/,
Търговия » Продажби » Декларации » Твърдения,dec_Statements,bg,"Тук се съдържа списък на всички твърдения за съответствие, зададени в системата.",https://bgerp.com/Bg/Targovia-Prodajbi/#Deklaratsii,
Търговия » Продажби » Декларации » Материали,dec_Materials,bg,"Тук се съдържа списък на всички материали, от които се произвеждат продуктите, и за които се отнасят съответствията",https://bgerp.com/Bg/Targovia-Prodajbi/#Deklaratsii,
Търговия » Продажби » Приключвания,sales_ClosedDeals,bg,Тук се съдържа списък на всички документи за приключване на продажба. Документ Приключване на продажба се създава от активен документ Договор за продажба или в края на нишката на продажбата от бутона `Добави...` и избор от раздел Търговия,https://bgerp.com/Bg/Prosledyavane-i-priklyuchvane-na-prodajba/#Priklyuchvane-na-sdelka-za-prodajba,
Търговия » Продажби » Маршрути,sales_Routes,bg,Тук се съдържа списък на всички търговски маршрути.,https://bgerp.com/Bg/Targovia-Prodajbi/#Marshruti,
Търговия » Маркетинг » Запитвания,marketing_Inquiries2,bg,"Запитването в [b]bgERP[/b] е документ, чрез който клиентите могат да направят поръчка на желани от тях продукти. Може се създадва и ръчно, от потребител на системата, в папка на контрагент. Тук се съдържа списък на всички запитвания.",https://bgerp.com/Bg/Nestandartni-artikuli/?#Zapitvane,
Търговия » POS » Точки,pos_Points,bg,Тук се съдържа списък на всички Точки на продажба и е възможно създаването на нови.,https://bgerp.com/Bg/%d0%a2%d0%be%d1%87%d0%ba%d0%b8-%d0%9d%d0%b0-%d0%9f%d1%80%d0%be%d0%b4%d0%b0%d0%b6%d0%b1%d0%b0/,
Търговия » POS » Бележки,pos_Receipts,bg,Тук се съдържа списък на всички бележки за продажба.,https://bgerp.com/Bg/POS-prodajbi/#Belejki-za-prodajba,
Търговия » POS » Отчети,pos_Reports,bg,Тук се съдържа списък на всички отчети за POS продажби. Документ Отчет за POS продажби се създава от корицата на съответната точка за продажба.,https://bgerp.com/Bg/POS-prodajbi/#Otchet-na-POS,
Търговия » POS » Наличности,pos_Stocks,bg,"Тук се съдържа списък на всички складови наличности от склада, към който е свързана точката за продажба.",https://bgerp.com/Bg/%d0%a2%d0%be%d1%87%d0%ba%d0%b8-%d0%9d%d0%b0-%d0%9f%d1%80%d0%be%d0%b4%d0%b0%d0%b6%d0%b1%d0%b0/,
Търговия » POS » Настройки » Бързи бутони,pos_Favourites,bg,"Тук се съдържа списък на всички продукти, за които е създаден бутон за бърз избор.",https://bgerp.com/Bg/%d0%a2%d0%be%d1%87%d0%ba%d0%b8-%d0%9d%d0%b0-%d0%9f%d1%80%d0%be%d0%b4%d0%b0%d0%b6%d0%b1%d0%b0/,
Логистика » Доставки » Покупки,purchase_Purchases,bg,Тук се съдържа списък на всички документи Покупка (Договори за покупка) в системата. Договорите за покупка се създават в папка на контрагент и са начало - първи документ в нишка.,https://bgerp.com/Bg/Sdelka-za-pokupka/,
Логистика » Доставки » Фактури,purchase_Invoices,bg,"Тук се съдържа списък на всички издадени Фактури за доставка, Дебитни и Кредитни известия. Включен е и филтър за търсене. Фактурите за доставка се въвеждат в нишка на активна Покупка.",https://bgerp.com/Bg/Fakturi-za-dostavka/,
Логистика » Доставки » Оферти,purchase_Offers,bg,Тук се съдържа списък на всички Оферти от доставчици. Оферта от доставчик се създава в папка на контрагент.,https://bgerp.com/Bg/Oferta-ot-dostavchik/,
Логистика » Доставки » Протоколи » Приемателни,purchase_Services,bg,Тук се съдържа списък на всички Приемателни протоколи. Когато предмет на сделката е услуга не се издават складови документи. Извършването на сделка за покупка на услуга се удостоверява с Приемателен протокол. Създава се в нишка на активна Покупка.,https://bgerp.com/Bg/Zasklajdane-i-priemane/#Priematelen-protokol,
Логистика » Доставки » Приключвания,purchase_ClosedDeals,bg,Тук се съдържа списък на всички Приключвания на покупки. Приключване на покупка  се създава в нишка на активна Покупка.,https://bgerp.com/Bg/Prosledyavane-i-priklyuchvane-na-pokupka/#Priklyuchvane-na-sdelka-za-pokupka,
Логистика » Склад » Наличности,store_Products,bg,Тук се съдържа списък на наличностите по артикули в избрания активен склад.,https://bgerp.com/A/a/Logistika-Skladove/,
Логистика » Склад » Складове,store_Stores,bg,Тук се съдържа списък на всички складове на фирмата и от тук се дефинират нови.,https://bgerp.com/A/a/Logistika-Skladove/,
Логистика » Склад » Документи » Експедиции,store_ShipmentOrders,bg,Това е списъкът с нарежданията за експедиции на стоки и продукти към клиенти. Експедиционно нареждане се съставя в нишка на активна Продажба.,https://bgerp.com/Bg/Expedirane-i-predavane/#Expeditsionno-narejdane,
Логистика » Транспорт » Линии,trans_Lines,bg,За оптимизиране на транспорта експедициите и доставките в [b]bgERP[/b] се обхващат с Транспортни линии. Тук се съдържа списък на всички транспортни линии.,https://bgerp.com/Bg/Transportni-linii/,
Логистика » Транспорт » Превозни средства,trans_Vehicles,bg,"Тук се съдържа списък на всички транспортни средства - собствени и на превозвачи, които се използват от фирмата.",https://bgerp.com/Bg/Logistika-Transport/,
Производство » Планиране » Задания,planning_Jobs,bg,Тук се съдържа списък на всички задания за производство. Документ Задание за производство се създава от общия изглед на производим артикул.,https://bgerp.com/Bg/Startirane-na-proizvodstvo#Zadanie-za-proizvodstvo,
Производство » Планиране » Протоколи » Влагане,planning_ConsumptionNotes,bg,Тук се съдържа списък на всички протоколи за влагане на ресурси в производството.,https://bgerp.com/Bg/Vlagane-na-resursi/#Protokol-za-vlagane,
Производство » Планиране » Протоколи » Производство,planning_DirectProductionNote,bg,Тук се съдържа списък на всички протоколи за производство. Документ Протокол за производство се създава от общия изглед на документ Задание за производство.,https://bgerp.com/Bg/Proizvodstvo-na-produkti-i-uslugi#Protokol-za-proizvodstvo,
Производство » Планиране » Ресурси » Етапи,planning_Stages,bg,Тук се съдържа списък на всички производствени етапи.,http://bgerp.com/Bg/Proizvodstvo-Planirane/,
Производство » Етикетиране » Шаблони,label_Templates,bg,Това е списък с всички шаблони за етикети.,https://bgerp.com/Bg/Proizvodstvo-Tehnologii/,
Производство » Етикетиране » Медии,label_Media,bg,Тук се съдържа списък на всички медии (формати) за отпечатване на етикети.,https://bgerp.com/Bg/Proizvodstvo-Tehnologii/,
Мониторинг » RFID » Събития,rfid_Events,bg,Тук се съдържа списък на всички събития.,https://bgerp.com/Bg/Monitoring-RFID,
Мониторинг » RFID » Карти,rfid_Tags,bg,Тук се съдържа списък на всички карти.,https://bgerp.com/Bg/Monitoring-RFID,
Мониторинг » RFID » Четци,rfid_Readers,bg,Тук се съдържа списък на всички четци.,https://bgerp.com/Bg/Monitoring-RFID,
Мониторинг » RFID » Обекти,rfid_Holders,bg,Тук се съдържа списък на всички картодържатели.,https://bgerp.com/Bg/Monitoring-RFID,
Мониторинг » RFID » Собственици,rfid_Ownerships,bg,Тук се съдържа списък на всички собственици.,https://bgerp.com/Bg/Monitoring-RFID,
Мониторинг » Камери » Камери,cams_Cameras,bg,Тук се съдържа списък на всички камери за осъществяване на визуално наблюдение в реално време на обектите на фирмата.,https://bgerp.com/A/a/Monitoring-Kameri/,
Мониторинг » Камери » Записи,cams_Records,bg,Тук се съдържа списък на всички постъпващи видеосигнали в цифров вид.Те се съхраняват на създадените видеофайлове с възможност за предварително задаване за използването на определен обем памет.,https://bgerp.com/A/a/Monitoring-Kameri/,
Мониторинг » Камери » Позиции,cams_Positions,bg,Тук се съдържа списък на всички промени в позициите на камерите.,https://bgerp.com/A/a/Monitoring-Kameri/,
Мониторинг » Сензори » Индикатори,sens2_Indicators,bg,"Тук се съдържа списък на всички стойности, които са прочетени от входовете на контролерите или са записани на техните изходи.",https://bgerp.com/Bg/Monitoring-MOM,
Мониторинг » Сензори » Записи,sens2_DataLogs,bg,Тук се съдържа списък на всички хронологични записи на стойностите,https://bgerp.com/Bg/Monitoring-MOM,
Мониторинг » Сензори » Контролери,sens2_Controllers,bg,Тук се съдържа списък на всички входно-изходни контролери,https://bgerp.com/Bg/Monitoring-MOM,
Сайт » CMS » Домейни,cms_Domains,bg,"В системата е възможно поддържането на няколко домейна, които могат да бъдат с различен изглед. Тук се съдържа списък на всички домейни.",https://bgerp.com/Bg/Sazdavane-na-ueb-sayt/,
Сайт » CMS » Меню,cms_Content,bg,Менюто на сайта е организатор на информацията и в него се създават връзки към отделните материали в сайта. Тук се съдържа списък на всички основни менюта.,https://bgerp.com/Bg/Sazdavane-na-ueb-sayt/,
Сайт » CMS » Статии,cms_Articles,bg,Всяко меню е попълнено с различни статии. Тук се съдържа списък на всички публични статии и от тук се съставят нови.,https://bgerp.com/Bg/Sazdavane-na-ueb-sayt/,
Сайт » CMS » Други » Обекти,cms_Objects,bg,"Тук се съдържа списък на всички обекти, достъпни за публикуване.",https://bgerp.com/Bg/Sayt-CMS/,
Сайт » CMS » Други » Хранилки,cms_Feeds,bg,Тук се съдържа списък на всички хранилки.,https://bgerp.com/Bg/Sayt-CMS/,
Сайт » CMS » Други » Url,cms_VerbalId,bg,Тук се съдържа списък на всички регистри за вербални id-та.,https://bgerp.com/Bg/Sayt-CMS/,
Сайт » CMS » Други » Добавки,cms_Includes,bg,Тук се съдържа списък на всички добавки към публичната страница.,https://bgerp.com/Bg/Sayt-CMS/,
Сайт » Блог » Статии,blogm_Articles,bg,Страницата съдържа списък на всички блог-статии във външната част на [b]bgERP[/b].,https://bgerp.com/Bg/Sayt-Blog/,
Сайт » Блог » Коментари,blogm_Comments,bg,"Коментарите, които потребителите правят в [b]блога[/b] се появяват в по-долния списък. За да се виждат под статиите, състоянието на коментарите трябва да се редактира на ""Публикуван"".",https://bgerp.com/Bg/Sayt-Blog/,
Сайт » Блог » Категории,blogm_Categories,bg,"Всяка статия от [b]блога[/b] може да бъде публикувана в една или няколко от категориите, които се поддържат в този списък.",https://bgerp.com/Bg/Sayt-Blog/,
Сайт » Блог » Препратки,blogm_Links,bg,"В [b]блога[/b], може да има списък с препратки към други блогове или Интернет ресурси. За да се покажат, те трябва да се включат в списъка по-долу и да са в ""Активно"" състояние.",https://bgerp.com/Bg/Sayt-Blog/,
Сайт » Лог » История,vislog_History,bg,Тук се съдържа история на търсенията (хитовете) на сайта,,
Сайт » Лог » Рефериране,vislog_Referer,bg,Тук се съдържа списък на всички реферирания.,,
Сайт » Лог » Ресурси,vislog_HistoryResources,bg,Тук се съдържа списък на всички ресурси в сайта.,,
Сайт » Лог » IP-та,vislog_IpNames,bg,Тук се съдържа списък на всички IP логове.,,
Сайт » Форум » Дъски,forum_Boards,bg,Тук се съдържа списък на всички форумни дъски.,https://bgerp.com/Bg/Sayt-Forum/,
Сайт » Форум » Категории,forum_Categories,bg,Тук се съдържа списък на всички форумни категории.,https://bgerp.com/Bg/Sayt-Forum/,
Сайт » Форум » Постинги,forum_Postings,bg,Тук се съдържа списък на всички показвания на всички теми.,https://bgerp.com/Bg/Sayt-Forum/,
Сайт » Соц » Споделяне » Бутони,social_Sharings,bg,Тук се посочват връзките за споделяне на съдържание от публичната част на системата в социални мрежи и други системи. Обикновено тези бутони се показват под статия или блог - постинг.,https://bgerp.com/Bg/Sayt-CMS,
Сайт » Соц » Проследяване,social_Followers,bg,Тук се описват връзките към страници или профили на организацията във външни социални мрежи и други ресурси. Обикновено те се показват като бутони под всяка публична страница на системата.,https://bgerp.com/Bg/Sayt-CMS,
Пакет `tracking` » Автомобили,tracking_Vehicles,bg,Тук се описват всички тракер устройства и автомобила към който са прикрепени.,https://bgerp.com/Bg/Monitoring-GPS/,
Пакет `tracking` » Хронология,tracking_Log,bg,"Тук е изведена актуалната информация за местонахождението на всяко превозно средство, подавана от тракинг устройството, което е прикрепено към него.",https://bgerp.com/Bg/Monitoring-GPS/,
Производство » Планиране » Протоколи » Връщане,planning_ReturnNotes,bg,Тук се съдържа списък на всички протоколи за връщане на ресурси от производството.,https://bgerp.com/Bg/Vlagane-na-resursi/#Protokol-za-vrashtane-ot-proizvodstvo,
Производство » Планиране » Операции » Списък,planning_Tasks,bg,Тук се съдържа регистър на въведените производствени операции.,,
Производство » Планиране » Ресурси » Оборудване,planning_AssetResources,bg,Тук се съдържа списък на всички машинни ресурси.,https://bgerp.com/Bg/Proizvodstvo-Planirane/,
Производство » Етикетиране » Отпечатвания,label_Prints,bg,Тук се съдържа списък генерираните заявки за печат на етикети.,https://bgerp.com/Bg/Proizvodstvo-Tehnologii/,
Търговия » POS » Настройки » Категории,pos_FavouritesCategories,bg,За улеснение на работата продаваните артикули са групирани в категории. Тук се съдържа списък на всички продуктови категории.,https://bgerp.com/Bg/%d0%a2%d0%be%d1%87%d0%ba%d0%b8-%d0%9d%d0%b0-%d0%9f%d1%80%d0%be%d0%b4%d0%b0%d0%b6%d0%b1%d0%b0/,
Указател » Визитник » Клиентски карти,crm_ext_Cards,bg,Тук се съдържа списък на всички клиентски карти. Клиентски карти се издават от минитаб `Търговия` във визитка на контрагент.,https://bgerp.com/Bg/Rabota-s-kontragenti-Firmi/#Minitab-butoni,"клиент, карта, визитка,"
Търговия » Маркетинг » Бюлетин,marketing_Bulletins,bg,Тук се съдържа списък на всички Бюлетини и се създават нови.,https://bgerp.com/Bg/Informatsionen-byuletin/,
Търговия » Маркетинг » Абонирани,marketing_BulletinSubscribers,bg,Тук се съдържа списък на всички абонирани за бюлетини.,https://bgerp.com/Bg/Informatsionen-byuletin/,
Система » Админ » Логове » Потребителски,log_Data,bg,Тук се съдържа списък на всички потребителски логове.,https://bgerp.com/Bg/System-Admin/,лог
Пакет `help` » Помощ,help_Info,bg,Това е списък с вградената помощна информация в системата.,,
Система » Админ » Код » Обновяване,core_Updates,bg,Тук се показва списъкът с наличните версии на системата. По-новите от текущо-инсталираната са оцветени в зелен цвят. Препоръчително е bgERP да се обнови до най-новата си версия.,,
Документи » Входящи » Документи,incoming_Documents,bg,Тук се съдържа списък на всички входящи документи регистрирани в системата.,https://bgerp.com/Bg/Dokumenti-Vhodyashti/,
Документи » Входящи » Типове,incoming_Types,bg,Тук се съдържа списък на дефинираните типове за входящи документи в [b]bgERP[/b].,https://bgerp.com/Bg/Dokumenti-Vhodyashti/,
Артикули » Каталог » Листвания,cat_Listings,bg,Тук се създават продуктови листи за купувани и продавани артикули.,https://bgerp.com/Bg/Listvane-na-artikulite/,"листване, листи"
Артикули » Ценообразуване » Обновяване,price_Updates,bg,Тук се показват зададените правила за обновяване на себестойността на артикулите в системата.,https://bgerp.com/Bg/Standartno-tsenoobrazuvane-1/,"автоматично, обновяване, правило, себестойност"
Артикули » Ценообразуване » Политики » Клиентски политики,price_ListToCustomers,bg,Тук се съдържат всички ценови политики създадени за конкретни клиенти.,https://bgerp.com/Bg/Standartno-tsenoobrazuvane-1/#Sazdavane-na-Tsenova-politika,"клиентска, визитка, цени"
Система » Админ » Логове » IP-та,log_Ips,bg,"Показва IP адресите, от които е влизано в системата",,
Система » Дефиниции » Данъци и такси,cond_TaxAndFees,bg,Това е списък на дефинираните в системата данъци и такси.,,
Система » Дефиниции » Търг. условия » Условия,cond_Countries,bg,Тук се съдържа списък на зададените търговски условия по държави.,https://bgerp.com/Bg/Sistema-Definitsii/,"търговски, условия, отстъпка, надценка"
Система » Дефиниции » Пасажи » Текстове,cond_Texts,bg,"Съдържа списък на запаметени в системата пасажи, които могат да се използват при писане на текст и създаване на някои  документи",https://bgerp.com/Bg/Pisane-na-text/,пасаж
Счетоводство » Книги » Документи » Корекции,acc_ValueCorrections,bg,"Тук се съдържа списък на всички документи Корекция на стойност. Документът Корекция на стойност се създава в нишка на сделка. Прилага се, когато има съпътстващи доставките и продажбите разходи или приходи, които водят до промяна на фактическата цена на придобиване.",https://bgerp.com/Bg/Nestandartni-operatsii/#Korektsia-na-stoynost,
Счетоводство » Персонал » Документи » Отпуски,hr_Leaves,bg,Съдържа списък на въведените молби за отпуск на служителите.,https://bgerp.com/Bg/Schetovodstvo-Personal/#Dokumenti,
Счетоводство » Персонал » Структура » Длъжности,hr_Positions,bg,Тук се съдържа списък на използваните във  фирмата длъжности и професии.,https://bgerp.com/Bg/Schetovodstvo-Personal/#Struktura,
Логистика » Склад » Документи » Получавания,store_Receipts,bg,Това е списъкът със складови разписки за постъпили стоки и продукти в склада.Складова разписка се съставя в нишка на активна Покупка.,https://bgerp.com/Bg/Zasklajdane-i-priemane#Skladova-razpiska,
Логистика » Склад » Документи » Междускладови трансфери,store_Transfers,bg,Тук се съдържат и създават документите за прехвърляне на артикули между складовете на фирмата.,https://bgerp.com/Bg/Mejduskladovi-transferi/,
Логистика » Склад » Документи » Отговорно пазене,store_ConsignmentProtocols,bg,Тук се съдържат и създават документи за предадени и получени артикули на отговорно пазене. Протоколите за отговорно пазене се създават в папка на контрагент.,https://bgerp.com/Bg/Predavane-na-otgovorno-pazene/,
Логистика » Склад » Документи » Инвентаризация,store_InventoryNotes,bg,Страницата включва списък на съставените Протоколи за инвентаризация в системата. Протокол за инвентаризация се съставя в папка на склад.,https://bgerp.com/Bg/Inventarizatsia/,
Логистика » Партиди » Наличности,batch_Items,bg,"Тук се извежда наличността по партиди от артикули, за които е зададена партидност.",https://bgerp.com/Bg/Logistika-Partidi/,
Логистика » Партиди » Движения,batch_Movements,bg,Тук се показват движенията (приход – разход) по партидите на артикулите.,https://bgerp.com/Bg/Logistika-Partidi/,
Логистика » Навла » Навла,tcost_FeeZones,bg,"[b]bgERP[/b]  позволява автоматично изчисляване и включване в сделките на разходи за транспорт. В тази страница се създават и се поддържа регистър на транспортни зони, които са основа за изчисляване на тези разходи.",https://bgerp.com/Bg/Logistika-Navla/,
Сайт » Лог » Adwords,vislog_Adwords,bg,"Google AdWords е платена рекламна платформа, която позиционира сайта в резултатите от търсенето на Google. Ако се използва услугата AdWords в тази страница се извежда историята на хитовете чрез нея.",,
Сайт » Соц » Споделяне » Броячи,social_SharingCnts,bg,Тук се показват споделянията в социалните мрежи на интернет ресурси  от сайта.,,
Счетоводство » Персонал » Заплащане » Индикатори,hr_Indicators,bg,"Тук се съдържа списък с всички обстоятелства, които ще се отчитат при промяната на работната заплата.",,
Счетоводство » Персонал » Заплащане » Видове индикатори,hr_IndicatorNames,bg,Тук се съдържа списък с индикаторите за промяна на работната заплата.,,
Счетоводство » Персонал » Заплащане » Ведомост,hr_Payroll,bg,"Тук се съдържа списък с всички документи удостоверяващи, че работодателят е заплатил на работник за извършената работа.",,
Логистика » Транспорт » ЧМР,trans_Cmrs,bg,Тук е изведен списък на издадените международни товарителници за експедирани артикули. ЧМР се издава от изгледа на Експедиционно нареждане.,https://bgerp.com/Bg/Expedirane-i-predavane/,
Логистика » Транспорт » ЛЕ,trans_TransportUnits,bg,Тук са описани използваните от фирмата логистични единици при транспортиране на различните товари.,https://bgerp.com/Bg/Logistika-Transport/,
Логистика » Транспорт » Видове,trans_TransportModes,bg,Тук се дефинират всички видове транспорт използвани от фирмата.,https://bgerp.com/Bg/Logistika-Transport/,
Документи » Всички » Справки,frame2_Reports,bg,"В [b]bgERP[/b] справочна информация може да бъде обработена, изведена и съхранена с документите Справка и Отчет.",https://bgerp.com/Bg/Obslujvane-Otcheti/,"динамични, справка, справки, отчети"
Документи » Архив » Архиви,docarch_Archives,bg,Модул Архив е предназначен за класиране и подреждане на физическите носители на документите по начин позволяващ бърз и удобен достъп до тях.,https://bgerp.com/Bg/Dokumenti-Arhiv,физически носител
Документи » Архив » Томове,docarch_Volumes,bg,Страницата съдържа списък на всички създадени в системата томове от архиви.,https://bgerp.com/Bg/Dokumenti-Arhiv#Tomove,"архив, том"
Документи » Архив » Движения,docarch_Movements,bg,Тази страница съдържа информация за движенията на документите и томовете в архивите. Попълва се автоматично при действия с томове.,https://bgerp.com/Bg/Dokumenti-Arhiv#Dvijenia,"архив, том"
Документи » Имейли » Отложени,email_SendOnTime,bg,"Тук се съдържат имейли, чието изпращане е отложено във времето.",https://bgerp.com/Bg/Izprashtane-na-imeyli/,
Документи » Имейли » Рутиране » СПАМ правила,email_SpamRules,bg,Тук се задават потребителски правила за определяне спам рейтинг на входящите имейли.,https://bgerp.com/A/a/Rutirane/,"рутиране, разпределение, спам"
Документи » Имейли » Обръщения,email_Salutations,bg,Съдържа списък от използвани обръщения към адресата в изходящи имейли,,"имейл, адресат"
Документи » Дистрибутив » Групи,distro_Group,bg,В [b]bgERP[/b] различни по съдържание и вид файлове могат да бъдат групирани. Тук се съдържат документи от вида Файлова група.,https://bgerp.com/Bg/Sistema-Faylove/#Faylovi-grupi,файлова група
Документи » Дистрибутив » Хранилища,distro_Repositories,bg,При работа с множество и големи файлове и файлови групи е удачно те да се организират и съхраняват в отделни хранилища (repository) Тази страница съдържа списък на създадените хранилища.,https://bgerp.com/Bg/Sistema-Faylove/#Hranilishta,"repository, хранилище, SSH"
Указател » Календар » Празници,cal_Holidays,bg,Съдържа списък с описания на включените в календара празнични дни.,https://bgerp.com/Bg/Rabota-s-kalendara//,празници
Артикули » Каталог » Мерки » Размери,cat_PackParams,bg,В страницата се описват размерите на дефинираните опаковки.,https://bgerp.com/Bg/Artikuli-Katalog/#Merki-i-Opakovki,"опаковки, габарити, размери"
Система » Машини » SSH,ssh_Hosts,bg,Съдържа информация за свързаните по SSH отдалечени машини.,,
Система » Периферия » Периферия,peripheral_Devices,bg,Съдържа информация за свързаните към системата периферни устройства.,https://bgerp.com/Bg/Sistema-Periferia/,"фискален, периферно, принтер"
Обслужване » Поддръжка » Сигнали,support_Tasks,bg,Тук се съдържа списък на постъпилите сигнали за поддържаните системи.,https://bgerp.com/A/a/Obslujvane-Poddrajka/,система
Счетоводство » Книги » Хронология,acc_BalanceHistory,bg,[b]bgERP[/b] позволява от самата Оборотна ведомост да се проследи хронологията по избрани сметки и пера.,,
Счетоводство » Настройки » Операции,acc_Operations,bg,"Списък с текстове за основания на счетоводни операции, съдържащи се във форми и документи",,
Счетоводство » Персонал » Подбор » Форма CV,hr_FormCv,bg,Тук се поддържа регистър на представените CV при кандидатстване за работа,,
Счетоводство » Персонал » Подбор » Опции за подбор,hr_WorkPreff,bg,Съдържа дефиниции на изискванията към различните позиции на служителите,,
Търговия » Регистър » УНП,bgcashe_Register,bg,Страницата съдържа регистър за УНП на касовите продажби,,
Търговия » Регистър » Отпечатани бележки,bgcashe_PrintedReceipts,bg,Съдържа списък на всички отпечатани от фискалното устройство касови бонове,,
Логистика » Доставки » Протоколи » ВОП,purchase_Vops,bg,"Когато доставката има характер на вътрешно общностно придобиване се съставя  Протокол за ВОП.Документът се
създава от изгледа на входяща фактура (фактура от доставчик).",https://bgerp.com/Bg/Fakturi-za-dostavka/#Izvestia-i-Protokoli-za-VOP,
Логистика » Стелажи » Стелажи,rack_Racks,bg,Тук се дефинират стелажите в палетния склад.,https://bgerp.com/Bg/Logistika-Paleten-sklad,
Логистика » Стелажи » Зони » Списък,rack_Zones,bg,Тук е изведен списък на дефинираните зони в палетния склад и наредените към всяка зона движения на артикули.,https://bgerp.com/Bg/Logistika-Paleten-sklad,
Логистика » Стелажи » Зони » Групи,rack_ZoneGroups,bg,Съдържа списък на групите на зоните,,
Логистика » Стелажи » Палети,rack_Pallets,bg,Съдържа списък на палетираните количества в склада.,https://bgerp.com/Bg/Rabota-s-paleti/,
Логистика » Стелажи » Продукти,rack_Products,bg,Показва наличностите в склада и количествата от тях по палети и зони,https://bgerp.com/Bg/Rabota-s-paleti/,
Логистика » Стелажи » Движения,rack_Movements,bg,Показва всички генерирани движения на палетите.,https://bgerp.com/Bg/Rabota-s-paleti/,
Логистика » Партиди » Движения » Чернови,batch_BatchesInDocuments,bg,Тук се показват очакваните движения по партиди.,https://bgerp.com/Bg/Logistika-Partidi/,
Логистика » Партиди » Партиди » Артикули,batch_Defs,bg,Съдържа списък на артикулите които се следят по партиди и е възможно добавянето на други.,https://bgerp.com/Bg/Logistika-Partidi/,
Логистика » Партиди » Партиди » Видове,batch_Templates,bg,"Съдържа списък на видовете партиди, които могат да се задават на артикулите. От тук е възможно създаването на нови видове партиди.",https://bgerp.com/Bg/Logistika-Partidi/,
Производство » Планиране » Центрове,planning_Centers,bg,Центровете на дейност са елементи от организационната структура на фирмата. В тях се конкретизира извършването на определена дейност.,https://bgerp.com/Bg/Schetovodstvo-Personal#Struktura,
Производство » Планиране » Ресурси » Групи,planning_AssetGroups,bg,Тук се дефинират групи от ресурси.,https://bgerp.com/Bg/Proizvodstvo-Planirane/,
Производство » Планиране » Ресурси » Хора,planning_Hr,bg,Съдържа списък на човешките ресурси (операторите на оборудването).,http://bgerp.com/Bg/Proizvodstvo-Planirane/,
Сайт » Е-маг » Групи,eshop_Groups,bg,Съдържа списък на групите артикули в електронния магазин.,https://bgerp.com/Bg/Sayt-Ueb-katalog,
Сайт » Е-маг » Артикули » Списък,eshop_Products,bg,Показва артикулите в електронния магазин.,https://bgerp.com/Bg/Sayt-Ueb-katalog,
Сайт » Е-маг » Кошници,eshop_Carts,bg,Съдържа всички постъпили онлайн поръчки (кошници).,https://bgerp.com/Bg/Sayt-Ueb-katalog,
Сайт » Е-маг » Настройки » Общи,eshop_Settings,bg,Съдържа списък на обектите за електронна търговия и от тук се правят техните настройки.,https://bgerp.com/Bg/Sayt-Ueb-katalog,
Сайт » Нюзбар » Новини,newsbar_News,bg,Оттук е възможно добавяне на новина в нюзбар в публичната част на сайта.,https://bgerp.com/Bg/Sayt-CMS,
Документи » Всички » Дебъг » Бележки,doc_Notes,bg,,,
Документи » Всички » Дебъг » Коментари,doc_Comments,bg,,,
Документи » Всички » Дебъг » Изгледи,doc_View,bg,,,
Документи » Всички » Дебъг » PDF файлове,doc_PdfCreator,bg,,,
Документи » Всички » Дебъг » Отношения,doc_ThreadUsers,bg,,,
Документи » Всички » Дебъг » Харесвания,doc_Likes,bg,,,
Документи » Всички » Дебъг » Кеш,doc_DocumentCache,bg,,,
Документи » Всички » Дебъг » Шаблони,doc_Prototypes,bg,,,
Документи » Всички » Дебъг » Връзки,doc_Linked,bg,,,
Система » Админ » Код » Миграции,core_Maintenance,bg,,,
Система » Админ » Роли » Лог,core_RoleLogs,bg,,,
Система » Админ » Логове » Дебъг,log_Debug,bg,,,
Система » Админ » Логове » Класове,log_Classes,bg,,,
Система » Админ » Вътрешни » Постоянен кеш,core_Permanent,bg,,,
Система » Админ » Вътрешни » Класове,core_Classes,bg,,,
Система » Админ » Вътрешни » Интерфейси,core_Interfaces,bg,,,
Система » Админ » Вътрешни » Заключвания,core_Locks,bg,,,
Система » Админ » Вътрешни » Персонализация,core_Settings,bg,,,
Система » Админ » Вътрешни » Пренасочвания,core_Forwards,bg,,,
Система » Админ » Вътрешни » Отложени,core_CallOnTime,bg,,,
Счетоводство » Книги » Дебъг,acc_CostAllocations,bg,,,
Система » Дефиниции » Тагове,uiext_Labels,bg,,,
Система » Дефиниции » Връзки,doc_LinkedTemplates,bg,,,
Система » Дефиниции » Debug » Условия към контрагенти,cond_ConditionsToCustomers,bg,,,
Система » Дефиниции » Debug » Тагнати обекти,uiext_ObjectLabels,bg,,,
Сайт » CMS » Библиотека,cms_Library,bg,,,
Документи » Имейли » Манипулатори,email_ThreadHandles,bg,,,
Указател » Визитник » Дебъг » Информация,crm_ext_ContragentInfo,bg,,,
Артикули » Каталог » Дебъг » Генерирани номера,cat_Serials,bg,,,
Артикули » Ценообразуване » Дебъг » Кеш,price_Cache,bg,,,
Артикули » Ценообразуване » Дебъг » Изчислени,price_ProductCosts,bg,,,
Указател » Разпращане » Редиректи,blast_Redirect,bg,,,
Търговия » Продажби » Дебъг » Делти,sales_PrimeCostByDocument,bg,,,
Търговия » Продажби » Дебъг » Навла,sales_TransportValues,bg,,,
Търговия » Продажби » Дебъг » Сходни продукти,sales_ProductRelations,bg,,,
Производство » Планиране » Операции » Прогрес,planning_ProductionTaskDetails,bg,,,
Производство » Планиране » Операции » Работни карти,planning_WorkCards,bg,,,
Производство » Планиране » Настройки » Папки с ресурси,planning_FoldersWithResources,bg,,,
Производство » Планиране » Настройки » Норми,planning_AssetResourcesNorms,bg,,,
Производство » Планиране » Дебъг » Точки,planning_Points,bg,,,
Финанси » Банки » Регистър,bank_Register,bg,,,
Логистика » Доставки » Дебъг » Покупки,purchase_PurchasesData,bg,,,
Обслужване » Поддръжка » Корекции,support_Corrections,bg,,,
Обслужване » Поддръжка » Превенции,support_Preventions,bg,,,
Обслужване » Поддръжка » Оценки,support_Ratings,bg,,,
Обслужване » Поддръжка » Резолюции,support_Resolutions,bg,,,
Обслужване » Централа » Хостове,callcenter_Hosts,bg,,,
Пакет `fileman`,fileman_Files,bg,,,
Пакет `drdata` » Страни,drdata_Countries,bg,,,
Пакет `drdata` » Групи,drdata_CountryGroups,bg,,,
Пакет `drdata` » Езици,drdata_Languages,bg,,,
Пакет `drdata` » Домейни,drdata_Domains,bg,,,
,drdata_IpToCountry,bg,,,
Пакет `drdata` » Тел. кодове,drdata_DialCodes,bg,,,
Пакет `drdata` » ЗДДС №,drdata_Vats,bg,,,
Пакет `drdata` » T. Кеш,drdata_PhoneCache,bg,,,
Пакет `bglocal` » Банки,bglocal_Banks,bg,,,
Пакет `bglocal` » МВР,bglocal_Mvr,bg,,,
Пакет `bglocal` » Съдилища,bglocal_DistrictCourts,bg,,,
Пакет `bglocal` » НКПД,bglocal_NKPD,bg,,,
Пакет `bglocal` » НКИД,bglocal_NKID,bg,,,
Пакет `editwatch`,editwatch_Editors,bg,,,
Пакет `recently` » Последно използвани,recently_Values,bg,,,
Пакет `help` » Лог,help_Log,bg,,,
Пакет `frame` » Отчети,frame_Reports,bg,,,
Пакет `fconv` » Процеси,fconv_Processes,bg,,,
Пакет `fconv` » Отдалечени,fconv_Remote,bg,,,
Пакет `doclog`,doclog_Documents,bg,,,
Пакет `support`,support_Issues,bg,,,
Пакет `change`,change_Log,bg,,,
Пакет `status` » Съобщения,status_Messages,bg,,,
Пакет `status` » Изтегляния,status_Retrieving,bg,,,
Пакет `oembed`,oembed_Cache,bg,,,
Пакет `xmpphp`,xmpphp_Sender,bg,,,
Пакет `sms`,sms_Sender,bg,,,
Пакет `spcheck` » Речник,spcheck_Dictionary,bg,,,
,location_Places,bg,,,
Пакет `smock`,smock_SMS,bg,,,
Пакет `rfid` » Тагове,rfid_Assignments,bg,,,
Пакет `draw` » Дизайни,draw_Designs,bg,,,
Пакет `draw` » Моливи,draw_Pens,bg,,,
Пакет `remote`,remote_Authorizations,bg,,,
Пакет `spas`,spas_Test,bg,,,
Пакет `refactor` » Рефакторинг » Код,refactor_Formater,bg,,,
Пакет `cad2` » Фигури,cad2_Drawings,bg,,,
Пакет `eshop` » Артикули » Опции,eshop_ProductDetails,bg,,,
Пакет `ztm`,ztm_Adapter,bg,,,
Пакет `bgerp` » Меню,bgerp_Menu,bg,,,
Пакет `bgerp` » Портал,bgerp_Portal,bg,,,
Пакет `bgerp` » Известия,bgerp_Notifications,bg,,,
Пакет `bgerp` » Последни,bgerp_Recently,bg,,,
Пакет `bgerp` » Отметки,bgerp_Bookmark,bg,,,
Пакет `bgerp` » Дебъг » Докосвания,bgerp_LastTouch,bg,,,
Пакет `sens2` » Скриптове,sens2_Scripts,bg,,,
Пакет `batch` » Свойства,batch_Features,bg,,,
Пакет `darksky`,darksky_Forecasts,bg,,,
Пакет `replace` » Речник,replace_Dictionary,bg,,,
Пакет `replace` » Групи,replace_Groups,bg,,,
Пакет `vedicom`,vedicom_Weight,bg,,,
Пакет `rack` » Дебъг » Генератор,rack_MovementGenerator,bg,,,
Пакет `ibex`,ibex_Register,bg,,,