crm_Companies,list,bg,"Тук се съхранява информацията за всички фирми (юридически лица), учреждения, организации и институции. За повече информация прочетете: [link=http://www.bgerp.com/A/a/Organayzer-Vizitnik/]Указател » Визитник[/link]"
crm_Companies,edit,bg,Това е форма за редактиране/добавяне на информация за фирма. За повече информация прочетете: [link=http://www.bgerp.com/A/a/Organayzer-Vizitnik/]Указател » Визитник[/link]
crm_Companies,single,bg,Това е визитката на фирмата. За повече информация прочетете: [link=http://www.bgerp.com/A/a/Organayzer-Vizitnik/]Указател » Визитник[/link]
crm_Companies,import,bg,Това е форма за внедряване на  повече фирми едновременно
crm_Persons,list,bg,"Тук се съхранява информацията само на физическите лица (хората) в качеството им или на самостоятелни субекти (клиенти, персонал и т.н.), или на представляващи съответните фирми и институции, включени в страница Фирми. За повече информация прочетете: [link=http://www.bgerp.com/A/a/Organayzer-Vizitnik/]Указател » Визитник[/link]"
crm_Persons,edit,bg,"Това е форма за редактиране/добавяне на информация за физическите лица (хората) в качеството им или на самостоятелни субекти (клиенти, персонал и т.н.), или на представляващи съответните фирми и институции, включени в страница Фирми."
crm_Persons,single,bg,Това е визитката на физическото лице (човека). За повече информация прочетете: [link=http://www.bgerp.com/A/a/Organayzer-Vizitnik/]Указател » Визитник[/link]
crm_Groups,list,bg,"Визитките на фирми или физически лица могат да се поставят в групите, които са в по-долния списък. Някои от групите се генерират при инсталацията на системата и имат служебно значение. Потребителите могат също да добавят групи. За повече информация прочетете: [link=http://www.bgerp.com/Bg/Rabota-s-kontragenti-Grupi/]Групиране на контрагентите[/link]"
crm_Groups,edit,bg,Това е форма за редактиране/добавяне на информация за създадените от потребителя групи
crm_Groups,single,bg,Това е общ изглед на групата
crm_Locations,list,bg,"Всяка визитка на фирма или лице може да има една или повече локации. Те представляват физически места с определен адрес и координати на картата, които изпълняват различни функции: офис, склад, магазин, завод и т.н. За повече информация прочетете: [link=http://www.bgerp.com/Bg/Rabota-s-kontragenti-Lokatsii/]Локации на контрагентите[/link]"
crm_Locations,edit,bg,Това е форма за редактиране/добавяне на локация. Това представляват физически места с определен адрес и координати на картата.
crm_Locations,single,bg,Това е общият изглед на локацията. За повече информация прочетете: [link=http://www.bgerp.com/Bg/Rabota-s-kontragenti-Lokatsii/]Локации на контрагентите[/link]
crm_Profiles,list,bg,"Тук се въвежда, съхранява и обработва информацията за профилите на потребителите на системата. За повече информация прочетете: [link=http://www.bgerp.com/Bg/Rabota-s-kontragenti-Profili/]Потребителски профили[/link]"
crm_Profiles,edit,bg,Това е форма за редактиране/добавяне на информация към профилите на потребителите в системата. За повече информация прочетете: [link=http://www.bgerp.com/Bg/Rabota-s-kontragenti-Profili/]Потребителски профили[/link]
crm_Profiles,single,bg,Това е профил на един потребител на системата. За повече информация прочетете: [link=http://www.bgerp.com/A/a/Organayzer-Vizitnik/?#Profili]Указател » Визитник[/link]
doc_Folders,list,bg,"Тук се съдържа списък с всички папки, до които текущият потребител има достъп. В общия случай това са собствените му папки (на които е отговорник), и тези, които са му споделени. За повече информация прочетете: [link=http://www.bgerp.com/A/a/Dokumenti-Obshti/]Документи » Всички[/link]"
doc_Threads,list,bg,Това е списък с всички теми в дадена папка. За повече информация прочетете: [link=http://www.bgerp.com/A/a/Dokumenti-Obshti/]Документи » Всички[/link]
doc_Containers,list,bg,Tук може да видите хронологичен списък на всички документи в нишката. За повече информация прочетете: [link=http://www.bgerp.com/A/a/Dokumenti-Obshti/]Документи » Всички[/link]
doc_Search,list,bg,Търсене на документи в цялата система. За повече информация прочетете: [link=http://www.bgerp.com/A/a/search/]Пълнотекстово търсене[/link]
doc_UnsortedFolders,list,bg,"Това е списък с кориците на папки от тип ""Проект"". В папките от този вид могат да се съдържат разнообразни документи. За повече информация прочетете: [link=http://www.bgerp.com/Bg/Rabota-po-proekt/]Работа по проект[/link]"
doc_UnsortedFolders,single,bg,"Това е корицата на папка от тип ""Проект"". За повече информация прочетете: [link=http://www.bgerp.com/Bg/Rabota-po-proekt/]Работа по проект[/link]"
doc_UnsortedFolders,edit,bg,"Това е форма за редактиране/добавяне на папки от тип ""Проект"". В папките от този вид могат да се съдържат разнообразни документи. За повече информация прочетете: [link=http://www.bgerp.com/Bg/Rabota-po-proekt/]Работа по проект[/link]"
doc_Files,list,bg,Тук се съдържат всички прикачени файлове. За повече информация прочетете: [link=http://www.bgerp.com/Bg/Dokumenti-Obshti/?#Faylove]Документи » Всички | Файлове[/link]
doc_TplManager,list,bg,Тук се съдържа списък на всички Шаблони за типовете документи използвани в системата. За повече информация прочетете: [link=http://www.bgerp.com/Bg/Dokumenti-Obshti/]Документи » Всички[/link]
doc_TplManager,single,bg,Това е общият изглед на Шаблона. За повече информация прочетете: [link=http://www.bgerp.com/Bg/Dokumenti-Obshti/]Документи » Всички[/link]
email_Incomings,list,bg,Тук се съдържат постъпващите от различните имейл сметки електронни писма. За повече информация прочетете: [link=http://www.bgerp.com/A/a/Dokumenti-Imeyli/]Документи » Имейли[/link]
email_Outgoings,list,bg,Тук се съдържат всички изпратени имейли. За повече информация прочетете: [link=http://www.bgerp.com/A/a/Dokumenti-Imeyli/]Документи » Имейли[/link]
email_Outgoings,edit,bg,Това е форма за редактиране/добавяне на ново електронно писмо. За повече информация прочетете: [link=http://www.bgerp.com/Bg/Sazdavane-na-imeyli/]Създаване на имейли[/link]
email_Accounts,list,bg,Тук се настройват входно/изходни пощенски сметки. За повече информация прочетете: [link=http://www.bgerp.com/A/a/Zadavane-na-IMAP-POP3-akaunt/]Задаване на IMAP/POP3 акаунт[/link]
email_Filters,list,bg,Тук се задават потребителските правила за рутиране (разпределяне) на входящите имейли по пощенски кутии. За повече информация прочетете: [link=http://www.bgerp.com/A/a/Rutirane/]Рутиране на имейлите[/link]
email_Returned,list,bg,Тук се съдържат върнатите поради възникнали грешки писма.
email_Receipts,list,bg,"Тук се съдържат обратните разписки, които някои имейл клиенти изпращат, когато писмото е получено."
email_Spam,list,bg,"Тук се съдържа списък с писмата, които са определени като СПАМ от системата."
email_Unparsable,list,bg,"Тук се съдържат получени писма, които системата не може да обработи, така че да станат годни за четене от потребител."
email_Fingerprints,list,bg,"Тук се съдържат хешове на получени писма, за да се предотврати повторното им изтегляне."
email_Inboxes,list,bg,"Това е списък с вътрешните пощенски кутии. Всяка кутия е към дадена IMAP сметка, като към някои сметки могат да се създават множество сметки. За повече информация вижте [link=http://www.bgerp.com/Bg/Zadavane-na-IMAP-POP3-akaunt/]Задаване на IMAP/POP3 акаунт[/link]"
email_Inboxes,single,bg,Това е корица на папка от тип вътрешните пощенски кутии.
email_Inboxes,edit,bg,Това е форма за редактиране/добавяне на вътрешна пощенска кутия. За повече информация вижте [link=http://www.bgerp.com/Bg/Nastroyvane-na-imeylite/]Настройване на имейл подсистемата[/link]
email_Router,list,bg,Това е списък с автоматично генерираните правила за рутиране (разпределяне) на писмата по пощенски кутии.
email_Accounts,edit,bg,Това е формата за редактиране/добавяне на IMAP/POP3 сметка за получаване и изпращане на електронни писма. За точните настройки трябва да се консултирате с хостинг или Интернет провайдъра си. Настройките на редица публични услуги
cal_Calendar,list,bg,"Тук се съдържа информация за национални, религиозни и международни празници и неработни дни. Включват се и всички задачи, напомняния и рождени дни на Лицата от Визитника. За повече информация прочетете: [link=http://www.bgerp.com/A/a/Organayzer-Kalendar/]Указател » Календар[/link]"
cal_Calendar,day,bg,Тук се съдържа информация за събитията по часове за съответния ден. За повече информация прочетете: [link=http://www.bgerp.com/Bg/Rabota-s-kalendara/]Работа с Календара[/link]
cal_Calendar,week,bg,Тук се съдържа информация за събитията по дни и часове за седемдневен период. За повече информация прочетете: [link=http://www.bgerp.com/Bg/Rabota-s-kalendara/]Работа с Календара[/link]
cal_Calendar,month,bg,Тук се съдържа информация за събитията за целия месец. За повече информация прочетете: [link=http://www.bgerp.com/Bg/Rabota-s-kalendara/]Работа с Календара[/link]
cal_Calendar,year,bg,Тук се съдържа информация за събитията за цялата година. За повече информация прочетете: [link=http://www.bgerp.com/Bg/Rabota-s-kalendara/]Работа с Календара[/link]
cal_Tasks,list,bg,"Тук се показват всички задачи, създадени от текущия потребител, както и тези, на които той е отговорник (които са му споделени). Задачите в bgERP са специфичен документ за планиране и/или възлагане на определено действие и проследяване на неговото извършване. За повече информация прочетете:  [link=https://bgerp.com/Bg/Zadachi-i-proekti/]
Задачи и проекти[/link]"
cal_Reminders,list,bg,"Тук се показват всички Напомняния, на които текущия потребител е отговорник (които са му споделени). Основни предназначения на напомнянията са - нотифициране преди събитието, периодични нотификации, действия при активиране. За повече информация прочетете: [link=http://www.bgerp.com/Bg/Sazdavane-na-napomnyane/]Създаване на напомняне[/link]"
cal_Reminders,edit,bg,Това е форма за редактиране/добавяне на Напомняне. Основни предназначения на напомнянията са - нотифициране преди събитието
cal_Reminders,changeFields,bg,Това е форма за промяна на напомнянето. За повече информация прочетете: [link=http://www.bgerp.com/Bg/Sazdavane-na-napomnyane/]Създаване на напомняне[/link]
cal_Holidays,single,bg,Това е бланка с информация за конкретния празник
blast_Lists,list,bg,"Тук се поддържат контактни списъци за групово изпращане на писма, факсове и имейли, с произволен набор от данни за получателите, с възможност както за ръчно въвеждане, така и за импорт на данните в CSV формат. За повече информация прочетете: [link=http://www.bgerp.com/Bg/Spisatsi-s-kontragenti/]Изпращане на циркулярни имейли и писма[/link]"
blast_Lists,edit,bg,Това е форма за редактиране/добавяне на контактен списък за групово изпращане на писма
blast_Emails,list,bg,Тук се създават циркулярни имейли. За повече информация прочетете: [link=http://www.bgerp.com/A/a/Organayzer-Razprashtane/]Указател » Разпращане[/link]
blast_Emails,edit,bg,Това е форма за създаване на циркулярен имейл. За повече информация прочетете: [link=http://www.bgerp.com/A/a/Organayzer-Razprashtane/]Указател » Разпращане[/link]
blast_Letters,list,bg,"Работата с циркулярни писма е аналогична на тази с циркулярни имейли, но с тази разлика, че в края на процеса писмата не се изпращат от системата, а се разпечатват на принтер. За повече информация прочетете: [link=http://www.bgerp.com/A/a/Organayzer-Razprashtane/]Указател » Разпращане[/link]"
blast_Letters,edit,bg,Това е форма за редактиране/добавяне на циркулярно писмо. За повече информация прочетете: [link=http://www.bgerp.com/A/a/Organayzer-Razprashtane/]Указател » Разпращане[/link]
blast_BlockedEmails,list,bg,"Тук се съдържа информация за всички адреси, до които да не се изпращат циркулярни съобщения. За повече информация прочетете: [link=http://www.bgerp.com/A/a/Organayzer-Razprashtane/]Указател » Разпращане[/link]"
cat_Products,list,bg,"Тук се съдържа информацията за всички материални запаси – суровини и материали, заготовки, стандартни продукти, стоки и т.н., които фирмата ползва, произвежда и/или търгува при осъществяване на дейността си. За повече информация прочетете: [link=http://www.bgerp.com/Bg/Artikuli-Katalog/]Артикули » Каталог[/link]"
cat_Products,edit,bg,Това е форма за редактиране/добавяне на различи материални запаси – суровини и материали
cat_Products,import,bg,Това е форма за въвеждане едновременно на много материали. За повече информация прочетете: [link=http://www.bgerp.com/A/a/Produkti-Katalog/]Артикули » Каталог[/link]
cat_Groups,list,bg,Тък се управляват групите на артикулите. Те придават определени допълнителни свойства на артикулите. За повече информация прочетете: [link=http://www.bgerp.com/Bg/Artikuli-Katalog/]Артикули » Каталог[/link]
cat_Groups,edit,bg,Това е форма за редактиране/добавяне на група на артикулите. За повече информация прочетете: [link=http://www.bgerp.com/A/a/Produkti-Katalog/]Артикули » Каталог[/link]
cat_Categories,list,bg,Тук се съдържа информация за всички категории на артикулите. За повече информация прочетете: [link=http://www.bgerp.com/Bg/Artikuli-Katalog/]Артикули » Каталог[/link]
cat_Categories,edit,bg,Това е форма за редактиране/добавяне на категория на артикулите. За повече информация прочетете: [link=http://www.bgerp.com/A/a/Produkti-Katalog/]Артикули » Каталог[/link]
cat_Packagings,edit,bg,Това е форма за редактиране/добавяне на опаковка в системата. За повече информация прочетете: [link=http://www.bgerp.com/A/a/Produkti-Katalog/]Артикули » Каталог[/link]
cat_Params,list,bg,Тук се съдържа информация за дефинираните в системата параметри. Възможно е добавянето на нови такива. За повече информация прочетете: [link=http://www.bgerp.com/Bg/Artikuli-Katalog/]Артикули » Каталог[/link]
cat_Params,edit,bg,Това е форма за редактиране/добавяне на параметри в системата. За повече информация прочетете: [link=http://www.bgerp.com/A/a/Produkti-Katalog/]Артикули » Каталог[/link]
cat_UoM,list,bg,Тук се съдържа информация за дефинираните опаковки в системата. За повече информация прочетете: [link=http://www.bgerp.com/Bg/Artikuli-Katalog/]Артикули » Каталог[/link]
cat_UoM,edit,bg,Това е форма за редактиране/добавяне на мярка в системата. За повече информация прочетете: [link=http://www.bgerp.com/A/a/Produkti-Katalog/]Артикули » Каталог[/link]
cat_Boms,list,bg,"Тук се съдържа информация за технологичните рецепти за производство. 
[color=#932C2C]Документ ""Технологична рецепта"" се създава от общия изглед на производим артикул[/color]
За повече информация прочетете: [link=https://bgerp.com/Bg/Proizvodstveni-protsesi/
]Технологични рецепти[/link]"
cat_ProductTplCache,list,bg,Тук се съдържа информация за кешираните изгледи на артикулите в бизнес документите
price_Lists,list,bg,"Тук се дефинират и поддържат множество от цени, зависещи от себестойността на продукта и избраната от фирмата ценова политика, поддържайки при това пълна хронология на прилаганите към клиентите цени. За повече информация прочетете: [link=http://www.bgerp.com/Bg/Artikuli-Tsenoobrazuvane/]Артикули » Ценообразуване[/link]"
price_Lists,edit,bg,Това е форма за редактиране/добавяне на ценова политика. За повече информация прочетете: [link=http://www.bgerp.com/A/a/Artikuli-Ceni/]Артикули » Ценообразуване[/link]
price_Lists,single,bg,Това е общият изглед на ценовата политика. За повече информация прочетете: [link=http://www.bgerp.com/A/a/Artikuli-Ceni/]Артикули » Ценообразуване[/link]
price_Groups,list,bg,"Тук се налични три стандартни Ценови групи: 0, А и В. Потребители със съответни права могат да създават неограничен брой допълнителни Ценови групи. На всяка Ценова група могат да бъдат присвоени различни правила за ценообразуване - надценки или отстъпки. За повече информация прочетете: [link=http://www.bgerp.com/A/a/Artikuli-Ceni/]Артикули » Ценообразуване[/link]"
price_Groups,edit,bg,Това е форма за редактиране/добавяне на ценова група. За повече информация прочетете: [link=http://www.bgerp.com/A/a/Artikuli-Ceni/]Артикули » Ценообразуване[/link]
price_Groups,single,bg,Това е общият изглед на ценовата група. За повече информация прочетете: [link=http://www.bgerp.com/A/a/Artikuli-Ceni/]Артикули » Ценообразуване[/link]
price_GroupOfProducts,edit,bg,"Това е форма за редактиране/добавяне на артикул в ценовата група. Избира се позицията от списъка с предложения в полето Продукт (достъпни са само артикули)"""
price_ListDocs,list,bg,"Тук се съдържа списък с автоматично генерираните актуални ценови листи (Ценоразписи) за цялата продуктова гама на фирмата. При всяка промяна както на себестойността на стоките, продуктите и суровините/материалите, така и на прилаганата ценова политика се осигуряват бързо, лесно и удобно генериране. За повече информация прочетете [link=http://www.bgerp.com/Bg/Artikuli-Tsenoobrazuvane/]Артикули » Ценообразуване[/link]"
price_ListDocs,edit,bg,"Това е форма за редактиране/добавяне на нов документ - """"Ценоразпис"""". В него ще бъдат отразени цените от избраната ценова политика. За повече информация вижте [link=http://www.bgerp.com/Bg/Artikuli-Ceni/]Артикули » Ценообразуване[/link]"
core_Packs,list,bg,"Тук са показани всички пакети. Сините пакети са неисталирани. От връзките в описанието им, пакетите могат да се инсталират,настройват, инициализират и премахват. За повече информация вижте [link=http://www.bgerp.com/Bg/Paketi-Menu/]Управление на пакети и обновяване на bgERP[/link]"
core_Packs,systemUpdate,bg,Тук се извършва актуализация на модулите на bgERP. За повече информация вижте [link=http://www.bgerp.com/Bg/Paketi-Menu/]Управление на пакети и обновяване на bgERP[/link]
core_Packs,config,bg,Това е форма за настройване на пакета. За повече информация вижте [link=http://www.bgerp.com/Bg/Paketi-Menu/]Управление на пакети и обновяване на bgERP[/link]
core_Users,list,bg,"Това е списък с всички потребители в системата. От тук администратора на [b]bgERP[/b] може да добавя нови потребители или да редактира данните на съществуващите. За повече информация вижте: [link=http://www.bgerp.com/Bg/Dobavyane-na-nov-potrebitel/]Потребители, роли и права[/link]"
core_Users,edit,bg,Това е форма за редактиране/добавяне на нов потребител в системата. За повече информация вижте: [link=http://www.bgerp.com/Bg/Dobavyane-na-nov-potrebitel/]Добавяне на нов потребител[/link]
core_Roles,list,bg,"Това са ролите, дефинирани в системата чрез които се определя достъпа на потребителите до различните ресурси. Има следните типове роли: [i]системна[/i], [i]модулна[/i], [i]за екип[/i] и [i]за ранг[/i]. Всеки потребител трябва да има една роля за ранг и една или повече роли за принадлежност към екип. За повече информация вижте [link=http://www.bgerp.com/Bg/Dobavyane-na-nov-potrebitel/]Потребители, роли и права[/link]"
core_Roles,edit,bg,Това е форма за редактиране/добавяне на нова роля. За повече информация вижте [link=http://www.bgerp.com/Bg/Dostap-Roli/]Потребители[/link]
core_Lg,list,bg,"Тук се съдържа речникът със значения, посредством които потребителският интерфейса на [b]bgERP[/b] се превежда на различни езици. Администратора на системата може да коригира или допълни превода. За повече информация вижте [link=http://www.bgerp.com/Bg/System-Admin/]Система » Администриране[/link]"
core_Lg,edit,bg,Това е форма за редактиране/добавяне на дума/изречение в речника. За повече информация вижте [link=http://www.bgerp.com/Bg/System-Admin/]Система » Администриран[/link]
core_Cron,list,bg,"Това е списък на периодично стартиращите се автоматични процеси в системата. За повече информация вижте [link=http://www.bgerp.com/Bg/System-Admin/]Система » Администриране[/link]

Ако периодичните процеси не са стартирани скоро, вижте документацията за  [link=http://www.bgerp.com/cms_Articles/Article/25/?#Zadavane-startiraneto-na-periodichni-protsesi]Задаване стартирането на периодични процеси[/link]"
core_Cron,edit,bg,Това е форма за редактиране/добавяне на периодично стартиращ се автоматичен процес в системата. За повече информация вижте [link=http://www.bgerp.com/Bg/System-Admin/]Система » Администриран[/link]
core_Cron,processRun,bg,"Ръчно стартирване на периодично стартиращ се автоматичен процес в системата"""
core_Plugins,list,bg,Тук се съдържа регистър на използваните в системата плъгини. За повече информация вижте [link=http://www.bgerp.com/Bg/System-Admin/]Система » Администриран[/link]
core_Plugins,edit,bg,Това е форма за редактиране/добавяне на плъгин в системата. За повече информация вижте [link=http://www.bgerp.com/Bg/System-Admin/]Система » Администриран[/link]
log_System,list,bg,Тук се съдържа информация за всички действия в системата. Тази информация по-късно може да бъде използвана за проследяване на работата на даден потребител или промените на даден обект. За повече информация вижте [link=http://www.bgerp.com/Bg/System-Admin/]Система » Администриране[/link]
core_LoginLog,list,bg,Тук се съдържа информация за влизането на потребителите в системата. За повече информация вижте [link=http://www.bgerp.com/Bg/System-Admin/]Система » Администриран[/link]
core_Cache,list,bg,Тук се съдържат откъси от данни
log_Browsers,list,bg,Тук се съдържа списъка с информация за браузърите с които потребителите са ползвали [b]bgERP[/b].
fileman_Log,list,bg,Тук се съдържа списък с последно качените или разгледани от вас файлове в системата.
fileman_Files,list,bg,Това е филтриран списък с всички файлове в системата.
fileman_Files,single,bg,Това е преглед на файла.
cms_GalleryImages,list,bg,Тук се съдържа списък с картинките в галерията.
cms_GalleryImages,edit,bg,Това е форма за редактиране/добавяне на картинка в галерията.
cms_GalleryGroups,list,bg,Тук се съдържа списък с групите на картинките в галерията.
cms_GalleryGroups,edit,bg,Това е форма за редактиране/добавяне на група за картинки в галерията.
cms_GalleryGroups,cloneFields,bg,Това е форма за клониране на запис.
fileman_Buckets,list,bg,Тук се съдържа списък с кофите за файловете.
fileman_Buckets,edit,bg,Това е форма за редактиране/добавяне на кофа на файл.
fileman_Repositories,list,bg,Тук се съдържа списък с пътищата до хранилищата.
fileman_Repositories,edit,bg,Това е форма за редактиране/добавяне на път до хранилище.
cond_DeliveryTerms,list,bg,"Тук се съдържа списък с всички условия на доставка, които се използват при създаването на сделките за продажби и покупки. За повече информация вижте [link=http://bgerp.com/Bg/Sistema-Definitsii/]
Дефиниции[/link]"
cond_PaymentMethods,list,bg,Тук се съдържа списък с методите за плащане. За повече информация вижте [link=http://bgerp.com/Bg/Sistema-Definitsii/]Дефиниции[/link]
cond_PaymentMethods,edit,bg,Това е форма за редактиране/добавяне на метод за плащане.
cond_Payments,list,bg,Тук се съдържа списък с възможностите за разплащане в точката на продажба (POS). За повече информация вижте [link=http://bgerp.com/Bg/Sistema-Definitsii/]Дефиниции[/link]
cond_Payments,edit,bg,Това е форма за редактиране/добавяне на възможност за разплащане в точката на продажба (POS).
cond_Parameters,list,bg,"Тук се съдържа списък с условия, които могат да се присвояват на даден контрагент и да оказват влияние при изготвянето на договори за търговски сделки. За повече информация вижте [link=http://bgerp.com/Bg/Sistema-Definitsii/]Дефиниции[/link]"
cond_Parameters,edit,bg,Това е форма за редактиране/добавяне на условие.
callcenter_Talks,list,bg,В bgERP е създадена възможност за интегриране на телефонната централа на фирмата. Поддържа се регистър на разговорите и е възможно автоматично свързване и изпращане на факсове и SMS. Тук се съдържа списък с всички обаждания от и към вътрешния номер на текущия потребител. За повече информация прочетете: [link=http://www.bgerp.com/Bg/Callcenter/]Обслужване » Централа[/link]
callcenter_Fax,list,bg,Тук се съдържа списък с изпратени факсове от потребителите на системата. За повече информация прочетете: [link=http://www.bgerp.com/Bg/Callcenter/]Обслужване » Централа[/link]
callcenter_SMS,list,bg,Тук се съдържа списък с изпратени SMS-и от потребителите на системата. За повече информация прочетете: [link=http://www.bgerp.com/Bg/Callcenter/]Обслужване » Централа[/link]
callcenter_Numbers,list,bg,Тук се съдържа списък на всички телефонни номера обхванати в системата. За повече информация прочетете: [link=http://www.bgerp.com/Bg/Callcenter/]Обслужване » Централа[/link]
callcenter_Numbers,edit,bg,Това е форма за редактиране/добавяне на телефонен номер. За повече информация прочетете: [link=http://www.bgerp.com/Bg/Callcenter/]Обслужване » Централа[/link]
callcenter_SMS,send,bg,Това е форма за създаване и изпращане на SMS. За повече информация прочетете: [link=http://www.bgerp.com/Bg/Callcenter/]Обслужване » Централа[/link]
support_Issues,list,bg,"Тук е списъка на всички [b]сигнали[/b] - документи, служещи за докладване на проблем или желание за промяна в дадена система. С други документи в нишката на [i]сигнала[/i] може да се проследи коригирането на несъответствието и взетите превантивни мерки. За повече информация прочетете: [link=http://www.bgerp.com/A/a/Obslujvane-Poddrajka/]Обслужване » Поддръжка[/link]"
support_Issues,edit,bg,Това е форма за редактиране/добавяне на сигнал в система. За повече информация прочетете: [link=http://www.bgerp.com/A/a/Obslujvane-Poddrajka/]Обслужване » Поддръжка[/link]
support_Systems,list,bg,"Системите са папки от специален тип, предназначени да съдържат документи свързани с документирането на проблеми и тяхното последващо отстраняване. За повече информация прочетете: [link=http://www.bgerp.com/A/a/Obslujvane-Poddrajka/]Обслужване » Поддръжка[/link]"
support_Systems,single,bg,Това е общ изглед на системата. За повече информация прочетете: [link=http://www.bgerp.com/A/a/Obslujvane-Poddrajka/]Обслужване » Поддръжка[/link]
support_Systems,edit,bg,Това е форма за редактиране/добавяне на система. За повече информация прочетете: [link=http://www.bgerp.com/A/a/Obslujvane-Poddrajka/]Обслужване » Поддръжка[/link]
support_IssueTypes,list,bg,Тук се съдържа списък с всички възможни типове за сигнал. За повече информация прочетете: [link=http://www.bgerp.com/A/a/Obslujvane-Poddrajka/]Обслужване » Поддръжка[/link]
support_IssueTypes,edit,bg,Това е форма за редактиране/добавяне на тип. За повече информация прочетете: [link=http://www.bgerp.com/A/a/Obslujvane-Poddrajka/]Обслужване » Поддръжка[/link]
support_Corrections,list,bg,Тук се съдържа списък с всички взети за отстраняване на проблема мерки и резултатът от тях. За повече информация прочетете: [link=http://www.bgerp.com/A/a/Obslujvane-Poddrajka/]Обслужване » Поддръжка[/link]
support_Preventions,list,bg,"Тук се съдържа списък с всички мерки, приложени за да се избегне повторната поява на същия проблем. За повече информация прочетете: [link=http://www.bgerp.com/A/a/Obslujvane-Poddrajka/]Обслужване » Поддръжка[/link]"
support_Ratings,list,bg,Тук се съдържа списък с всички оценки на щетите. За повече информация прочетете: [link=http://www.bgerp.com/A/a/Obslujvane-Poddrajka/]Обслужване » Поддръжка[/link]
support_Resolutions,list,bg,"Тук се съдържа списък с всички финални резолюции. Те затварят нишката и сигнала, потвърждава, че всичко работи коректно и сигнала вече не е актуален. За повече информация прочетете: [link=http://www.bgerp.com/A/a/Obslujvane-Poddrajka/]Обслужване » Поддръжка[/link]"
lab_Tests,list,bg,Тук се съдържа списък с всички лабораторни тестове. За повече информация прочетете: [link=http://bgerp.com/Bg/Laboratory/]Обслужване » Лаборатория[/link]
lab_Tests,edit,bg,Това е форма за редактиране/добавяне на лабораторен тест.
lab_Methods,list,bg,Тук се съдържа списък с всички методи за лабораторни тестове. За повече информация прочетете: [link=http://bgerp.com/Bg/Laboratory/]Обслужване » Лаборатория[/link]
lab_Methods,edit,bg,Това е форма за редактиране/добавяне на метод за лабораторен тест.
lab_Methods,single,bg,Това е общ изглед на метод за лабораторен тест.
lab_Parameters,list,bg,Тук се съдържа списък с всички параметри за лабораторни тестове. За повече информация прочетете: [link=http://bgerp.com/Bg/Laboratory/]Обслужване » Лаборатория[/link]
lab_Parameters,single,bg,Това е общ изглед на параметър за лабораторен тест
lab_Parameters,edit,bg,Това е форма за редактиране/добавяне на параметър за лабораторен тест
survey_Surveys,list,bg,Тук се съдържа списък с всички анкети. За повече информация прочетете: [link=http://www.bgerp.com/Bg/Surveys/]Обслужване » Анкети[/link]
survey_Surveys,edit,bg,Това е форма за редактиране/добавяне на анкета. За повече информация прочетете: [link=http://www.bgerp.com/Bg/Surveys/]Обслужване » Анкети[/link]
survey_Alternatives,list,bg,Тук се съдържа списък с всички въпроси към анкети. За повече информация прочетете: [link=http://www.bgerp.com/Bg/Surveys/]Обслужване » Анкети[/link]
survey_Options,list,bg,Тук се съдържа списък с всички опции. За повече информация прочетете: [link=http://www.bgerp.com/Bg/Surveys/]Обслужване » Анкети[/link]
survey_Votes,list,bg,Тук се съдържа списък с всички гласувания. За повече информация прочетете: [link=http://www.bgerp.com/Bg/Surveys/]Обслужване » Анкети[/link]
frame_Reports,list,bg,Тук се съдържа списък с всички отчети.  За повече информация прочетете: [link=http://www.bgerp.com/Bg/Obslujvane-Otcheti/]Обслужване » Отчети[/link]
frame_Reports,edit,bg,Това е форма за редактиране/добавяне на отчет
acc_Balances,list,bg,Тук се генерират моментни обобщени снимки на цялостното състояние на предприятието към текущия момент в парично изражение. За повече информация прочетете: [link=http://www.bgerp.com/A/a/Schetovodstvo-Knigi/]Счетоводство » Книги[/link]
acc_Balances,single,bg,Това е общ изглед на моментната обобщена снимка. За повече информация прочетете: [link=http://www.bgerp.com/A/a/Schetovodstvo-Knigi/]Счетоводство » Книги[/link]
acc_Articles,list,bg,"Тук се съдържат всички ръчно генерирани мемориални ордери за осчетоводяване на специфични и инцидентни стопански операции, които не са описани от документ в системата. За повече информация прочетете: [link=https://bgerp.com/Bg/Nestandartni-operatsii/]Нестандартни операции[/link]"
acc_Articles,edit,bg,Това е форма за редактиране/добавяне мемориален ордер. За повече информация прочетете: [link=http://www.bgerp.com/A/a/Schetovodstvo-Knigi/]Счетоводство » Книги[/link]
acc_BalanceHistory,history,bg,Това е подробната хронология на оборотната ведомост. За повече информация прочетете: [link=http://www.bgerp.com/A/a/Schetovodstvo-Knigi/]Счетоводство » Книги[/link]
acc_Journal,list,bg,"Това е регистър на всички счетоводни статии, генерирани в системата. Всеки запис в журнала съдържа линк както към документа, който го е генерирал, така и към детайлния изглед на генерираната счетоводна статия. За повече информация прочетете: [link=http://www.bgerp.com/A/a/Schetovodstvo-Knigi/]Счетоводство » Книги[/link]"
acc_Journal,single,bg,Това е общ изглед на счетоводната статия. За повече информация прочетете: [link=http://www.bgerp.com/A/a/Schetovodstvo-Knigi/]Счетоводство » Книги[/link]
acc_ClosePeriods,list,bg,Тук се съдържа списък с всички приключени периоди.
acc_ClosePeriods,edit,bg,Това е форма за редактиране/добавяне на приключен период.
acc_BalanceRepairs,list,bg,Тук се съдържа списък с всички корекции на грешки от закръгляния.
acc_BalanceRepairs,single,bg,Това е общ изглед на корекция на грешка от закръгляния.
acc_BalanceRepairs,edit,bg,Това е форма за редактиране/добавяне на корекция на грешка от закръгляния.
acc_BalanceTransfers,list,bg,Тук се съдържа списък с всички прехвърляния по салда
acc_BalanceTransfers,edit,bg,Това е форма за редактиране/добавяне на прехвърляне на салдо
accda_Da,list,bg,Това е регистър на всички дълготрайни активи на фирмата с подробна информация за актива. За повече информация прочетете: [link=http://www.bgerp.com/A/a/Schetovodstvo-DA/]Счетоводство » ДА[/link]
accda_Da,edit,bg,Това е форма за редактиране/добавяне на дълготраен актив на фирмата. За повече информация прочетете: [link=http://www.bgerp.com/A/a/Schetovodstvo-DA/]Счетоводство » ДА[/link]
accda_Documents,list,bg,"Тук се обединяват всички вторични счетоводни документи, свързани с управлението на дълготрайните активи. За повече информация прочетете: [link=http://www.bgerp.com/A/a/Schetovodstvo-DA/]Счетоводство » ДА[/link]"
acc_Periods,list,bg,Тук се дефинират и настройват счетоводните периоди. За повече информация прочетете: [link=http://www.bgerp.com/A/a/Schetovodstvo-Nastroyki/]Счетоводство » Настройки[/link]
acc_Periods,edit,bg,Това е форма за редактиране/добавяне на счетоводен период. За повече информация прочетете: [link=http://www.bgerp.com/A/a/Schetovodstvo-Nastroyki/]Счетоводство » Настройки[/link]
acc_Lists,list,bg,"Тук се съдържа списък с всички счетоводни номенклатури в системата. Могат да бъдат създадени неограничен брой допълнителни номенклатури - както ръчни, така и автоматични, използващи наличен или допълнително разработен интерфейс. За повече информация прочетете: [link=http://www.bgerp.com/A/a/Schetovodstvo-Nastroyki/]Счетоводство » Настройки[/link]"
acc_Lists,edit,bg,Това е форма за редактиране/добавяне на номенклатурa. За повече информация прочетете: [link=http://www.bgerp.com/A/a/Schetovodstvo-Nastroyki/]Счетоводство » Настройки[/link]
acc_Items,list,bg,Тук се съдържа списък с всички пера към избраната номенклатура. За повече информация прочетете: [link=http://www.bgerp.com/A/a/Schetovodstvo-Nastroyki/]Счетоводство » Настройки[/link]
acc_Accounts,list,bg,"След инсталирането на системата, тук се предлага стандартен сметкоплан, който може да бъде свободно променян и допълван. За повече информация прочетете: [link=http://www.bgerp.com/A/a/Schetovodstvo-Nastroyki/]Счетоводство » Настройки[/link]"
acc_Accounts,edit,bg,Това е форма за редактиране/добавяне на сметкоплан. За повече информация прочетете: [link=http://www.bgerp.com/A/a/Schetovodstvo-Nastroyki/]Счетоводство » Настройки[/link]
acc_Features,list,bg,"Тук се съдържа списък с всички присвоени свойства и техните стойности за пера в номенклатурата, които се следят от системата. За повече информация прочетете: [link=http://www.bgerp.com/A/a/Schetovodstvo-Nastroyki/]Счетоводство » Настройки[/link]"
acc_Limits,list,bg,"Тук се създава възможност за задаване на лимити (минимум и максимум) за всяка сметка, които системата да следи и при нужда - да сигнализира за достигането им. За повече информация прочетете: [link=http://www.bgerp.com/A/a/Schetovodstvo-Nastroyki/]Счетоводство » Настройки[/link]"
acc_Limits,edit,bg,Това е форма за редактиране/добавяне на лимит (минимален/максимален). За повече информация прочетете: [link=http://www.bgerp.com/A/a/Schetovodstvo-Nastroyki/]Счетоводство » Настройки[/link]
acc_VatGroups,list,bg,Тук се съдържа списък с всички данъчни групи.
acc_VatGroups,edit,bg,Това е форма за редактиране/добавяне на данъчнa групa.
currency_Currencies,list,bg,"Тук се съдържа списък на всички валути за работа със системата. Модул ""Валути"" на bgERP предлага предварително дефинирани над 30 валути. За повече информация прочетете: [link=http://www.bgerp.com/Bg/Finansi-Valuti/]Финанси » Валути[/link]"
currency_Currencies,edit,bg,Това е форма за редактиране/добавяне на валутa. За повече информация прочетете: [link=http://www.bgerp.com/Bg/Finansi-Valuti/]Финанси » Валути[/link]
currency_Currencies,single,bg,Това е общ изглед на валутa. За повече информация прочетете: [link=http://www.bgerp.com/Bg/Finansi-Valuti/]Финанси » Валути[/link]
currency_CurrencyRates,list,bg,"Тук се съдържа списък на всички валутни курсове. Страницата поддържа списък на валутните курсове изтеглени за активните валути автоматично от системата, или ръчно от потребител. За повече информация прочетете: [link=http://www.bgerp.com/Bg/Finansi-Valuti/]Финанси » Валути[/link]"
currency_CurrencyRates,edit,bg,Това е форма за редактиране/добавяне на валутен курс. За повече информация прочетете: [link=http://www.bgerp.com/Bg/Finansi-Valuti/]Финанси » Валути[/link]
currency_CurrencyRates,add,bg,Това е форма за редактиране/добавяне на валутен курс. За повече информация прочетете: [link=http://www.bgerp.com/Bg/Finansi-Valuti/]Финанси » Валути[/link]
currency_FinIndexes,list,bg,"Тук се съдържа списък на всички най-важни финансови и валутни индекси, които се изтеглят през Интернет. За повече информация прочетете: [link=http://www.bgerp.com/Bg/Finansi-Valuti/]Финанси » Валути[/link]"
currency_FinIndexes,edit,bg,Това е форма за редактиране/добавяне на финансов или валутен индекс. За повече информация прочетете: [link=http://www.bgerp.com/Bg/Finansi-Valuti/]Финанси » Валути[/link]
cash_Cases,list,bg,Тук се съдържа списък на всички левови и валутни каси на фирмата. За повече информация прочетете: [link=http://www.bgerp.com/A/a/Finansi-Kasi/]Финанси » Каси[/link]
cash_Cases,edit,bg,Това е форма за редактиране/добавяне на левова или валутна каса на фирмата. За повече информация прочетете: [link=http://www.bgerp.com/A/a/Finansi-Kasi/]Финанси » Каси[/link]
cash_Cases,single,bg,Това е общ изглед на левова или валутна каса на фирмата. За повече информация прочетете: [link=http://www.bgerp.com/A/a/Finansi-Kasi/]Финанси » Каси[/link]
cash_Pko,list,bg,Тук се съдържа списък на всички [b]приходни касови ордери[/b]. За повече информация прочетете: [link=http://www.bgerp.com/A/a/Finansi-Kasi/]Финанси » Каси[/link]
cash_Rko,list,bg,Тук се съдържа списък на всички [b]разходни касови ордери[/b]. За повече информация прочетете: [link=http://www.bgerp.com/A/a/Finansi-Kasi/]Финанси » Каси[/link]
cash_InternalMoneyTransfer,list,bg,Тук се съдържа списък на всички [b]вътрешно касови трансфери[/b]. За повече информация прочетете: [link=http://www.bgerp.com/A/a/Finansi-Kasi/]Финанси » Каси[/link]
cash_InternalMoneyTransfer,edit,bg,Това е форма за редактиране/добавяне на вътрешно касов трансфер. За повече информация прочетете: [link=http://www.bgerp.com/A/a/Finansi-Kasi/]Финанси » Каси[/link]
cash_ExchangeDocument,list,bg,Тук се съдържа списък на всички документите за [b]касов обмен на валута[/b]. За повече информация прочетете: [link=http://www.bgerp.com/A/a/Finansi-Kasi/]Финанси » Каси[/link]
cash_ExchangeDocument,edit,bg,Това е форма за редактиране/добавяне на касов обмен на валута. За повече информация прочетете: [link=http://www.bgerp.com/A/a/Finansi-Kasi/]Финанси » Каси[/link]
deals_OpenDeals,list,bg,"Тук се съдържа списък на всички налични в системата сделки, които чакат обработка. За повече информация прочетете: [link=http://www.bgerp.com/A/a/Finansi-Kasi/]Финанси » Каси[/link]"
bank_OwnAccounts,list,bg,"Тук се съдържа списък на всички собствени сметки на фирмата, които са описани във визитката й. За повече информация прочетете: [link=http://www.bgerp.com/Bg/Finansi-Banki/]Финанси » Банки[/link]"
bank_OwnAccounts,edit,bg,Това е форма за редактиране/добавяне на банкова сметка. За повече информация прочетете: [link=http://www.bgerp.com/Bg/Finansi-Banki/]Финанси » Банки[/link]
bank_OwnAccounts,single,bg,Това е общ изглед на банкова сметка. За повече информация прочетете: [link=http://www.bgerp.com/Bg/Finansi-Banki/]Финанси » Банки[/link]
bank_Accounts,list,bg,Тук се съдържа списък на всички банкови сметки (на фирмата и на контрагенти)
bank_IncomeDocuments,list,bg,Тук се съдържа списък на всички приходни документи. За повече информация прочетете: [link=http://www.bgerp.com/Bg/Finansi-Banki/]Финанси » Банки[/link]
bank_IncomeDocuments,edit,bg,Това е форма за редактиране/добавяне на приходни документи. За повече информация прочетете: [link=http://www.bgerp.com/Bg/Finansi-Banki/]Финанси » Банки[/link]
bank_SpendingDocuments,list,bg,Тук се съдържа списък на всички разходни документи. За повече информация прочетете: [link=http://www.bgerp.com/Bg/Finansi-Banki/]Финанси » Банки[/link]
bank_SpendingDocuments,edit,bg,Това е форма за редактиране/добавяне на разходни документи. За повече информация прочетете: [link=http://www.bgerp.com/Bg/Finansi-Banki/]Финанси » Банки[/link]
bank_InternalMoneyTransfer,list,bg,Тук се съдържа списък на всички документи за прехвърляне на средства от една фирмена банкова сметка в друга. За повече информация прочетете: [link=http://www.bgerp.com/Bg/Finansi-Banki/]Финанси » Банки[/link]
bank_InternalMoneyTransfer,edit,bg,Това е форма за редактиране/добавяне на прехвърляне на средства от една фирмена банкова сметка в друга. За повече информация прочетете: [link=http://www.bgerp.com/Bg/Finansi-Banki/]Финанси » Банки[/link]
bank_ExchangeDocument,list,bg,Тук се съдържа списък на всички обмени от една в друга валута между банкови сметки на фирмата. За повече информация прочетете: [link=http://www.bgerp.com/Bg/Finansi-Banki/]Финанси » Банки[/link]
bank_ExchangeDocument,edit,bg,Това е форма за редактиране/добавяне на обмен от една в друга валута между банкови сметки на фирмата. За повече информация прочетете: [link=http://www.bgerp.com/Bg/Finansi-Banki/]Финанси » Банки[/link]
bank_PaymentOrders,list,bg,Тук се съдържа списък на всички платежни нареждания. За повече информация прочетете: [link=http://www.bgerp.com/Bg/Finansi-Banki/]Финанси » Банки[/link]
bank_PaymentOrders,edit,bg,Това е форма за редактиране/добавяне на платежно нареждане. За повече информация прочетете: [link=http://www.bgerp.com/Bg/Finansi-Banki/]Финанси » Банки[/link]
bank_CashWithdrawOrders,list,bg,Тук се съдържа списък на всички нареждания разписки. За повече информация прочетете: [link=http://www.bgerp.com/Bg/Finansi-Banki/]Финанси » Банки[/link]
bank_CashWithdrawOrders,edit,bg,Това е форма за редактиране/добавяне на нареждане разписка. За повече информация прочетете: [link=http://www.bgerp.com/Bg/Finansi-Banki/]Финанси » Банки[/link]
bank_DepositSlips,list,bg,Тук се съдържа списък на всички вносни бележки. За повече информация прочетете: [link=http://www.bgerp.com/Bg/Finansi-Banki/]Финанси » Банки[/link]
bank_DepositSlips,edit,bg,Това е форма за редактиране/добавяне на вносна бележка. За повече информация прочетете: [link=http://www.bgerp.com/Bg/Finansi-Banki/]Финанси » Банки[/link]
budget_Assets,list,bg,Тук се съдържа списък на всички парични средства.
budget_Assets,edit,bg,Това е форма за редактиране/добавяне на парично средства.
budget_IncomeExpenses,list,bg,Тук се съдържа списък на всички приходи и разходи.
budget_IncomeExpenses,edit,bg,Това е форма за редактиране/добавяне на приход или разход.
budget_Balances,list,bg,Тук се съдържа списък на всички баланси.
budget_Balances,edit,bg,Това е форма за редактиране/добавяне на баланс.
budget_Reports,list,bg,Тук се съдържа списък на всички документи по подразделения / дейности.
budget_Reports,edit,bg,Това е форма за редактиране/добавяне на подразделение / дейност.
findeals_Deals,list,bg,Тук се съдържа списък на всички документи от типа Финансова сделка създадени в системата. За повече информация прочетете: [link=http://bgerp.com/Bg/Finansi-Sdelki/]Финанси » Сделки[/link]
findeals_Deals,edit,bg,Това е форма за редактиране/добавяне на финансова сделка.
findeals_ClosedDeals,list,bg,Тук се съдържа  списък на създадените документи за приключване на финансова сделка. За повече информация прочетете: [link=http://bgerp.com/Bg/Finansi-Sdelki/]Финанси » Сделки[/link]
findeals_AdvanceDeals,list,bg,"Тук се съдържа списък на всички документите ""Служебен аванс"". За повече информация прочетете: [link=http://bgerp.com/Bg/Finansi-Sdelki/]Финанси » Сделки[/link]"
findeals_AdvanceDeals,edit,bg,Това е форма за редактиране/добавяне на аванс към под отчетно лице.
findeals_AdvanceReports,list,bg,"Тук се съдържа списък на всички документите ""Авансов отчет"". За повече информация прочетете: [link=http://bgerp.com/Bg/Finansi-Sdelki/]Финанси » Сделки[/link]"
findeals_AdvanceReports,edit,bg,Това е форма за редактиране/добавяне на авансов отчет.
findeals_DebitDocuments,list,bg,"Тук се съдържа списък на всички документите ""Прехвърляния на вземания"". За повече информация прочетете: [link=http://bgerp.com/Bg/Finansi-Sdelki/]Финанси » Сделки[/link]"
findeals_DebitDocuments,edit,bg,Това е форма за редактиране/добавяне на прехвърляне на вземане.
findeals_CreditDocuments,list,bg,"Тук се съдържа списък на всички документите ""Прехвърляния на задължения"". За повече информация прочетете: [link=http://bgerp.com/Bg/Finansi-Sdelki/]Финанси » Сделки[/link]"
findeals_CreditDocuments,edit,bg,Това е форма за редактиране/добавяне на прехвърляне на задължение.
hr_Professions,list,bg,"Тук се съдържа списък на всички длъжности (професии) във фирмата, на база утвърденото щатно разписание със съответните кодове по националните класификатори и кратки характеристики. За повече информация прочетете: [link=http://www.bgerp.com/A/a/Personal-HR/]Персонал » Човешки ресурси[/link]"
hr_Professions,edit,bg,Това е форма за редактиране/добавяне на длъжност (професия). За повече информация прочетете: [link=http://www.bgerp.com/A/a/Personal-HR/]Персонал » HR[/link]
hr_Professions,single,bg,Това е общ изглед на длъжността (професията). За повече информация прочетете: [link=http://www.bgerp.com/A/a/Personal-HR/]Персонал » HR[/link]
hr_Departments,list,bg,Тук се показва  организационната структура на фирмата в графичен вид. За повече информация прочетете: [link=https://bgerp.com/Bg/Schetovodstvo-Personal/]Счетоводство » Персонал [/link]
hr_Departments,edit,bg,Това е форма за редактиране/добавяне на организационна структура. За повече информация прочетете: [link=http://www.bgerp.com/A/a/Personal-HR/]Персонал » HR[/link]
hr_Departments,single,bg,Това е общ изглед на организационната структура. За повече информация прочетете: [link=http://www.bgerp.com/A/a/Personal-HR/]Персонал » Човешки ресурси[/link]
hr_WorkingCycles,list,bg,"Тук се съдържа списък на всички използвани от фирмата работни режими, т.е. последователността на работа и почивка. За повече информация прочетете: [link=https://bgerp.com/Bg/Schetovodstvo-Personal/]Счетоводство » Персонал [/link]"
hr_WorkingCycles,edit,bg,Това е форма за редактиране/добавяне на работен режим. За повече информация прочетете: [link=http://www.bgerp.com/A/a/Personal-HR/]Персонал » HR[/link]
hr_WorkingCycles,single,bg,Това е общ изглед на работния режим. От тук се задават и неговите стоиности. За повече информация прочетете: [link=http://www.bgerp.com/A/a/Personal-HR/]Персонал » HR[/link]
hr_WorkingCycleDetails,edit,bg,Това е форма за редактиране/добавяне на работна смяна. За повече информация прочетете: [link=http://www.bgerp.com/A/a/Personal-HR/]Персонал » HR[/link]
hr_EmployeeContracts,list,bg,"Страницата поддържа регистър на всички договори за наемане на работа на служители, с пълна информация за договорените условия и всички анекси, допълнителни споразумения и други документи, съгласно изискванията на трудовото законодателство. За повече информация прочетете:[link= https://bgerp.com/Bg/Schetovodstvo-Personal/]Счетоводство » Персонал[/link]"
hr_EmployeeContracts,edit,bg,Това е форма за редактиране/добавяне на договор за наемане на работа на служители. За повече информация прочетете: [link=http://www.bgerp.com/A/a/Personal-HR/]Персонал » HR[/link]
hr_ContractTypes,list,bg,"Тук се съдържа списък на всички използвани от фирмата работни режими, т.е. последователността на работа и почивка. За повече информация прочетете: [link=https://bgerp.com/Bg/Schetovodstvo-Personal/]Счетоводство » Персонал [/link]"
hr_ContractTypes,edit,bg,Това е форма за редактиране/добавяне на потребителски шаблон. За повече информация прочетете: [link=http://www.bgerp.com/A/a/Personal-HR/]Персонал » HR[/link]
hr_ContractTypes,single,bg,Това е общ изглед на потребителския шаблон за договор. За повече информация прочетете: [link=http://www.bgerp.com/A/a/Personal-HR/]Персонал » HR[/link]
hr_SalaryPayroll,list,bg,Тук се съдържа списък на всички формирани ежемесечни ведомости за заплати. За повече информация прочетете: [link=http://www.bgerp.com/A/a/Personal-TRZ/]Персонал » Труд и Работна Заплата[/link]
hr_SalaryPayroll,edit,bg,Това е форма за редактиране/добавяне на ведомости за заплата. За повече информация прочетете: [link=http://www.bgerp.com/A/a/Personal-TRZ/]Персонал » ТРЗ[/link]
hr_SalaryIndicators,edit,bg,Това е форма за редактиране/добавяне на показатели
hr_SalaryRules,list,bg,"Тук се съдържа списък на всички правила, по които се формира заплатата. За повече информация прочетете: [link=http://www.bgerp.com/A/a/Personal-TRZ/]Персонал » Труд и Работна Заплата[/link]"
hr_SalaryRules,edit,bg,Това е форма за редактиране/добавяне на правила
hr_Bonuses,list,bg,"Тук се съдържа списък на всички начислени бонуси и премии, поименно за всеки служител, с информация за датата, произхода на бонуса и сумата му. За повече информация прочетете: [link=http://www.bgerp.com/A/a/Personal-TRZ/]Персонал » Труд и Работна Заплата[/link]"
hr_Bonuses,edit,bg,Това е форма за редактиране/добавяне на бонус/премия. За повече информация прочетете: [link=http://www.bgerp.com/A/a/Personal-TRZ/]Персонал » ТРЗ[/link]
hr_Bonuses,single,bg,Това е общ изглед на бонуса/премията. За повече информация прочетете: [link=http://www.bgerp.com/A/a/Personal-TRZ/]Персонал » ТРЗ[/link]
hr_Sickdays,list,bg,Тук се съдържа списък на всички болнични листи на служителите. За повече информация прочетете: [link=http://www.bgerp.com/A/a/Personal-TRZ/]Персонал » Труд и Работна Заплата[/link]
hr_Sickdays,edit,bg,Това е форма за редактиране/добавяне на болничен листи на служителител. За повече информация прочетете: [link=http://www.bgerp.com/A/a/Personal-TRZ/]Персонал » ТРЗ[/link]
hr_Requests,list,bg,Тук се съдържа списък на всички молби за отпуска от служителите. За повече информация прочетете: [link=http://www.bgerp.com/A/a/Personal-TRZ/]Персонал » Труд и Работна Заплата[/link]
hr_Requests,edit,bg,Това е форма за редактиране/добавяне на молба за отпуска от служителите. За повече информация прочетете: [link=http://www.bgerp.com/A/a/Personal-TRZ/]Персонал » ТРЗ[/link]
hr_Orders,list,bg,Тук се съдържа списък на всички заповеди за отпуска от ръководството за служителя. За повече информация прочетете: [link=http://www.bgerp.com/A/a/Personal-TRZ/]Персонал » Труд и Работна Заплата[/link]
hr_Orders,edit,bg,Това е форма за редактиране/добавяне заповед за отпуска от ръководството за служителя. За повече информация прочетете: [link=http://www.bgerp.com/A/a/Personal-TRZ/]Персонал » ТРЗ[/link]
hr_Trips,list,bg,Тук се съдържа списък на всички командировъчни за фирмата. За повече информация прочетете: [link=http://www.bgerp.com/A/a/Personal-TRZ/]Персонал » Труд и Работна Заплата[/link]
hr_Trips,edit,bg,Това е форма за редактиране/добавяне на командировъчно за фирмата. За повече информация прочетете: [link=http://www.bgerp.com/A/a/Personal-TRZ/]Персонал » ТРЗ[/link]
hr_Fines,list,bg,"Тук се отчитат начислените глоби, поименно за всеки служител, с информация за датата, причината за глобата и сумата му. За повече информация прочетете: [link=http://www.bgerp.com/A/a/Personal-TRZ/]Персонал » Труд и Работна Заплата[/link]"
catering_Menu,list,bg,Тук се съдържа списък на ежедневните менюта от една или няколко фирми за доставка на храна на място. За повече информация прочетете: [link=http://www.bgerp.com/A/a/Personal-Ketaring/]Персонал » Кетъринг[/link]
catering_Menu,edit,bg,Това е форма за редактиране/добавяне на ежедневнo меню от една или няколко фирми за доставка на храна на място. За повече информация прочетете: [link=http://www.bgerp.com/A/a/Personal-Ketaring/]Персонал » Кетъринг[/link]
catering_MenuDetails,edit,bg,Това е форма за редактиране/добавяне на артикул към ежедневнo меню от една или няколко фирми за доставка на храна на място. За повече информация прочетете: [link=http://www.bgerp.com/A/a/Personal-Ketaring/]Персонал » Кетъринг[/link]
catering_Menu,single,bg,Това е общ изглед на ежедневното меню от една или няколко фирми за доставка на храна на място. За повече информация прочетете: [link=http://www.bgerp.com/A/a/Personal-Ketaring/]Персонал » Кетъринг[/link]
catering_Companies,list,bg,Тук се съдържа списък на всички достъпни и активни фирми за доставка на храна. За повече информация прочетете: [link=http://www.bgerp.com/A/a/Personal-Ketaring/]Персонал » Кетъринг[/link]
catering_Companies,edit,bg,Това е форма за редактиране/добавяне на фирмa за доставка на храна. За повече информация прочетете: [link=http://www.bgerp.com/A/a/Personal-Ketaring/]Персонал » Кетъринг[/link]
catering_EmployeesList,list,bg,"Това е форма за редактиране/добавяне на лицe, ползващo услугата. За повече информация прочетете: [link=http://www.bgerp.com/A/a/Personal-Ketaring/]Персонал » Кетъринг[/link]"
catering_EmployeesList,edit,bg,Това е форма за редактиране/добавяне на лицe
catering_Requests,list,bg,"Тук се съдържа списък на всички обработени заявки на столуващите, подадени на база на въведените в системата менюта за конкретната дата. За повече информация прочетете: [link=http://www.bgerp.com/A/a/Personal-Ketaring/]Персонал » Кетъринг[/link]"
catering_Requests,edit,bg,Това е форма за редактиране/добавяне на заявка за конкретен ден. За повече информация прочетете: [link=http://www.bgerp.com/A/a/Personal-Ketaring/]Персонал » Кетъринг[/link]
catering_Requests,single,bg,Това е общ изглед на заяката. За повече информация прочетете: [link=http://www.bgerp.com/A/a/Personal-Ketaring/]Персонал » Кетъринг[/link]
catering_Orders,list,bg,Тук се съдържа списък на всички генерирани в системата поръчки по дати към съответните доставчици. За повече информация прочетете: [link=http://www.bgerp.com/A/a/Personal-Ketaring/]Персонал » Кетъринг[/link]
catering_Orders,single,bg,Това е общ изглед на генерираната в системата поръчка по дата към съответните доставчици. За повече информация прочетете: [link=http://www.bgerp.com/A/a/Personal-Ketaring/]Персонал » Кетъринг[/link]
sales_Sales,list,bg,Тук се съдържа списък на всички извършени продажби. За повече информация прочетете: [link=http://www.bgerp.com/Bg/Targovia-Prodajbi/]Продажби » Сделки[/link]
sales_Sales,edit,bg,Това е форма за редактиране/добавяне на продажбa. За повече информация прочетете: [link=http://www.bgerp.com/Bg/Targovia-Prodajbi/]Продажби » Сделки[/link]
sales_Quotations,list,bg,Тук се съдържа списък на всички ценови оферти на продукт или група от продукти към конкретен клиент. За повече информация прочетете: [link=http://www.bgerp.com/Bg/Targovia-Prodajbi/]Продажби » Сделки[/link]
sales_Quotations,edit,bg,Използва се за ценово офериране на продукт или група от продукти към конкретен клиент. За повече информация прочетете: [link=http://www.bgerp.com/Bg/Targovia-Prodajbi/]Продажби » Сделки[/link]
sales_Invoices,list,bg,"Тук се съдържа списък на всички издадени фактури към продажби. За повече информация прочетете: [link=http://www.bgerp.com/Bg/Targovia-Prodajbi/]Продажби » Сделки[/link]
[color=#932C2C]Документ ""Фактура"" се създава от активен документ ""Договор за продажба""[/color]"
sales_Invoices,edit,bg,Това е форма за редактиране/добавяне на фактурa към продажби. За повече информация прочетете: [link=http://www.bgerp.com/Bg/Targovia-Prodajbi/]Продажби » Сделки[/link]
sales_Invoices,export,bg,Това е форма за сваляне на данни. За повече информация прочетете: [link=http://www.bgerp.com/Bg/Targovia-Prodajbi/]Продажби » Сделки[/link]
sales_Proformas,list,bg,"Тук се съдържа списък на всички проформа фактури. Проформа фактура се използва при разминаване във времето на момента на доставка и момента на плащане. За повече информация прочетете: [link=http://www.bgerp.com/Bg/Targovia-Prodajbi/]Продажби » Сделки[/link]
[color=#932C2C]Документ ""Проформа"" се създава от активен документ ""Договор за продажба""[/color]"
sales_Proformas,edit,bg,Това е форма за редактиране/добавяне на проформа фактура. За повече информация прочетете: [link=http://www.bgerp.com/Bg/Targovia-Prodajbi/]Продажби » Сделки[/link]
sales_Services,list,bg,"Тук се съдържа списък на всички предавателени протоколи. Предавателен протокол се прави когато предметът на продажба е услуга и няма експедиция на материални запаси. За повече информация прочетете: [link=http://www.bgerp.com/Bg/Targovia-Prodajbi/]Продажби » Сделки[/link]
[color=#932C2C]Документ ""Предавателен протокол"" се създава от активен документ ""Договор за продажба""[/color]"
sales_Services,edit,bg,Това е форма за редактиране/добавяне на предавателен протокол. За повече информация прочетете: [link=http://www.bgerp.com/Bg/Targovia-Prodajbi/]Продажби » Сделки[/link]
dec_Declarations,list,bg,"Тук се съдържа списък на всички декларации за съответствие на продуктите, съгласно директивите на ЕС. За повече информация прочетете: [link=http://www.bgerp.com/Bg/Targovia-Prodajbi/]Продажби » Сделки[/link]
[color=#932C2C]Документ ""Декларация за съответствие"" се създава от активен документ ""Фактура""[/color]"
dec_Declarations,edit,bg,Това е форма за редактиране/добавяне на декларация за съответствие. За повече информация прочетете: [link=http://www.bgerp.com/Bg/Targovia-Prodajbi/]Продажби » Сделки[/link]
dec_Statements,list,bg,"Тук се съдържа списък на всички твърдения за съответствие, зададени в системата. За повече информация прочетете: [link=http://www.bgerp.com/Bg/Targovia-Prodajbi/]Продажби » Сделки[/link]"
dec_Statements,edit,bg,Това е форма за редактиране/добавяне на твърдение за съответствие. За повече информация прочетете: [link=http://www.bgerp.com/Bg/Targovia-Prodajbi/]Продажби » Сделки[/link]
dec_Statements,single,bg,Това е общ изглед на твърдението за съответствие. За повече информация прочетете: [link=http://www.bgerp.com/Bg/Targovia-Prodajbi/]Продажби » Сделки[/link]
dec_Materials,list,bg,"Тук се съдържа списък на всички материали, от които се произвеждат продуктите. За повече информация прочетете: [link=http://www.bgerp.com/Bg/Targovia-Prodajbi/]Продажби » Сделки[/link]"
dec_Materials,edit,bg,Това е форма за редактиране/добавяне на материалиал
dec_Materials,single,bg,Това е общ изглед на материалите
dec_DeclarationTypes,list,bg,Тук се съдържа списък на всички шаблони за различни бланки на Декларацията за съответствие. За повече информация прочетете: [link=http://www.bgerp.com/Bg/Targovia-Prodajbi/]Продажби » Сделки[/link]
dec_DeclarationTypes,edit,bg,Това е форма за редактиране/добавяне на шаблон за различни бланки на Декларация за съответствие. За повече информация прочетете: [link=http://www.bgerp.com/Bg/Targovia-Prodajbi/]Продажби » Сделки[/link]
dec_DeclarationTypes,single,bg,Това е общ изглед на шаблон за различни бланки на Декларация за съответствие. За повече информация прочетете: [link=http://www.bgerp.com/Bg/Targovia-Prodajbi/]Продажби » Сделки[/link]
sales_ClosedDeals,list,bg,"Тук се съдържа списък на всички документи за приключване на продажба. За повече информация прочетете: [link=http://www.bgerp.com/Bg/Targovia-Prodajbi/]Продажби » Сделки[/link]
[color=#932C2C]Документ ""Приключване на продажба"" се създава от активен документ ""Договор за продажба"" или в края на нишката с продажбата от бутона ""Нов"" раздел ""Търговия""[/color]"
sales_ClosedDeals,edit,bg,Това е форма за редактиране/добавяне на документ за приключване на продажба. За повече информация прочетете: [link=http://www.bgerp.com/Bg/Targovia-Prodajbi/]Продажби » Сделки[/link]
sales_Routes,list,bg,Тук се съдържа списък на всички търговски маршрути. За повече информация прочетете: [link=http://www.bgerp.com/Bg/Targovia-Prodajbi/]Продажби » Сделки[/link]
sales_Routes,edit,bg,Това е форма за редактиране/добавяне на търговски маршрут. За повече информация прочетете: [link=http://www.bgerp.com/Bg/Targovia-Prodajbi/]Продажби » Сделки[/link]
sales_SaleRequests,list,bg,Заявката в bgERP е документ
marketing_Inquiries2,list,bg,Тук се съдържа списък на всички запитвания. За повече информация прочетете [link=https://bgerp.com/Bg/Targovia-Marketing/]Търговия » Маркетинг[/link]
marketing_Inquiries2,edit,bg,Това е форма за редактиране/добавяне на запитване.
pos_Points,list,bg,Тук се съдържа списък на всички Точки на продажба (POS). За повече информация прочетете: [link=http://www.bgerp.com/Bg/%D0%A2%D0%BE%D1%87%D0%BA%D0%B8-%D0%9D%D0%B0-%D0%9F%D1%80%D0%BE%D0%B4%D0%B0%D0%B6%D0%B1%D0%B0/]Търговия » POS[/link]
pos_Points,edit,bg,Това е форма за редактиране/добавяне на Точка на продажба (POS). За повече информация прочетете: [link=http://www.bgerp.com/Bg/%D0%A2%D0%BE%D1%87%D0%BA%D0%B8-%D0%9D%D0%B0-%D0%9F%D1%80%D0%BE%D0%B4%D0%B0%D0%B6%D0%B1%D0%B0/]Търговия » POS[/link]
pos_Points,single,bg,Това е общ изглед на Точката на продажба (POS). За повече информация прочетете: [link=http://www.bgerp.com/Bg/%D0%A2%D0%BE%D1%87%D0%BA%D0%B8-%D0%9D%D0%B0-%D0%9F%D1%80%D0%BE%D0%B4%D0%B0%D0%B6%D0%B1%D0%B0/]Търговия » POS[/link]
pos_Receipts,list,bg,Тук се съдържа списък на всички бележки за продажба. За повече информация прочетете: [link=http://www.bgerp.com/Bg/POS-prodajbi/]POS Продажби[/link]
pos_Receipts,terminal,bg,Тук се извършва POS продажба. За повече информация прочетете: [link=http://www.bgerp.com/Bg/POS-prodajbi/]POS Проодажби[/link]
pos_Receipts,single,bg,Това е общ изглед на бележката за продажба. За повече информация прочетете: [link=http://www.bgerp.com/Bg/POS-prodajbi/]POS Продажби[/link]
pos_Reports,list,bg,"Тук се съдържа списък на всички отчети за POS продажби. За повече информация прочетете: [link=http://www.bgerp.com/Bg/POS-prodajbi/]POS Продажби[/link]
[color=#932C2C]Документ ""Отчет за POS продажби"" се създава от меню ""POS-Точки на продажба-корицата на точката за продажба""[/color]"
pos_Stocks,list,bg,Тук се съдържа списък на всички складови наличности. За повече информация прочетете: [link=http://www.bgerp.com/Bg/%D0%A2%D0%BE%D1%87%D0%BA%D0%B8-%D0%9D%D0%B0-%D0%9F%D1%80%D0%BE%D0%B4%D0%B0%D0%B6%D0%B1%D0%B0/]Търговия » POS[/link]
pos_Favourites,list,bg,Тук се съдържа списък на всички продукти за бързи бутони. За повече информация прочетете: [link=http://www.bgerp.com/Bg/%D0%A2%D0%BE%D1%87%D0%BA%D0%B8-%D0%9D%D0%B0-%D0%9F%D1%80%D0%BE%D0%B4%D0%B0%D0%B6%D0%B1%D0%B0/]Търговия » POS[/link]
pos_Favourites,edit,bg,Това е форма за редактиране/добавяне на продукт за бързи бутони. За повече информация прочетете: [link=http://www.bgerp.com/Bg/%D0%A2%D0%BE%D1%87%D0%BA%D0%B8-%D0%9D%D0%B0-%D0%9F%D1%80%D0%BE%D0%B4%D0%B0%D0%B6%D0%B1%D0%B0/]Търговия » POS[/link]
purchase_Purchases,list,bg,"Тук се съдържа списък на всички документи ""Покупка (Договори за покупка)"" в системата. За повече информация прочетете: [link=http://www.bgerp.com/Bg/Logistika-Dostavki/]Логистика » Доставки[/link]"
purchase_Purchases,edit,bg,Това е форма за редактиране/добавяне на документ Покупка (Договор за покупка). За повече информация прочетете: [link=http://www.bgerp.com/Bg/Logistika-Dostavki/]Логистика » Доставки[/link]
purchase_Invoices,list,bg,"Тук се съдържа списък на всички издадени Фактури за доставка, Дебитни и Кредитни известия. Включен е и филтър за търсене. За повече информация прочетете: [link=http://www.bgerp.com/Bg/Logistika-Dostavki/]Логистика » Доставки[/link]"
purchase_Invoices,edit,bg,Това е форма за редактиране/добавяне на Фактура за доставка
purchase_Offers,list,bg,"Тук се съдържа списък на всички ""Оферти"" от доставчици. За повече информация прочетете: [link=http://www.bgerp.com/Bg/Logistika-Dostavki/]Логистика » Доставки[/link]"
purchase_Offers,edit,bg,Това е форма за редактиране/добавяне на Офертa от доставчик. За повече информация прочетете: [link=http://www.bgerp.com/Bg/Logistika-Dostavki/]Логистика » Доставки[/link]
purchase_Services,list,bg,Тук се съдържа списък на всички “Приемателни протоколи”. Когато предмет на сделката е услуга не се издават складови документи. Извършването на сделка за покупка на услуга се удостоверява с “Приемателен протокол”. За повече информация прочетете: [link=http://www.bgerp.com/Bg/Logistika-Dostavki/]Логистика » Доставки[/link]
purchase_Services,edit,bg,Това е форма за редактиране/добавяне на Приемателен протокол. За повече информация прочетете: [link=http://www.bgerp.com/Bg/Logistika-Dostavki/]Логистика » Доставки[/link]
purchase_ClosedDeals,list,bg,"Тук се съдържа списък на всички ""Документи за приключване на покупка"". За повече информация прочетете: [link=http://www.bgerp.com/Bg/Logistika-Dostavki/]Логистика » Доставки[/link]"
purchase_ClosedDeals,edit,bg,Това е форма за редактиране/добавяне на Документи за приключване на покупка. За повече информация прочетете: [link=http://www.bgerp.com/Bg/Logistika-Dostavki/]Логистика » Доставки[/link]
store_Products,list,bg,Тук се съдържа списък на наличностите в склада. За повече информация прочетете: [link=http://www.bgerp.com/A/a/Logistika-Skladove/]Логистика » Складове[/link]
store_Stores,list,bg,Тук се съдържа списък на всички складове на фирмата. За повече информация прочетете: [link=http://www.bgerp.com/A/a/Logistika-Skladove/]Логистика » Складове[/link]
store_Stores,edit,bg,Това е форма за редактиране/добавяне на склад на фирмата. За повече информация прочетете: [link=http://www.bgerp.com/A/a/Logistika-Skladove/]Логистика » Складове[/link]
store_Stores,single,bg,Това е общ изглед на складa на фирмата. За повече информация прочетете: [link=http://www.bgerp.com/A/a/Logistika-Skladove/]Логистика » Складове[/link]
store_ShipmentOrders,list,bg,Това е списъкът с нарежданията за експедиции на стоки и продукти към клиенти. За повече информация прочетете: [link=https://bgerp.com/Bg/Expedirane-i-poluchavane/]Експедиране и получаване[/link]
trans_Lines,list,bg,Тук се съдържа списък на всички транспортни линии. За повече информация прочетете: [link=http://bgerp.com/Bg/Logistika-Transport/]Логистика » Транспорт[/link]
trans_Lines,edit,bg,Това е форма за редактиране/добавяне на транспортна линия.
trans_Vehicles,list,bg,Тук се съдържа списък на всички транспортни средства. За повече информация прочетете: [link=http://bgerp.com/Bg/Logistika-Transport/]Логистика » Транспорт[/link]
trans_Vehicles,edit,bg,Това е форма за редактиране/добавяне на транспортно средство.
trans_Vehicles,single,bg,Това е общ изглед на транспортното средство.
planning_Jobs,list,bg,"Тук се съдържа списък на всички задания за производство. За повече информация прочетете: [link=http://bgerp.com/Bg/Proizvodstvo-Planirane/]Производство » Планиране[/link]
[color=#932C2C]Документ ""Задание за производство"" се създава само от общия изглед на производим артикул[/color]"
planning_Jobs,edit,bg,Това е форма за редактиране/добавяне на задание за производство.
planning_ConsumptionNotes,list,bg,Тук се съдържа списък на всички протоколи за влагане. За повече информация прочетете: [link=http://bgerp.com/Bg/Proizvodstvo-Planirane/]Производство » Планиране[/link]
planning_ConsumptionNotes,edit,bg,Това е форма за редактиране/добавяне на протокол за влагане.
planning_ProductionNotes,list,bg,Тук се съдържа списък на всички протоколи за производство. За повече информация прочетете: [link=http://bgerp.com/Bg/Proizvodstvo-Planirane/]Производство » Планиране[/link]
planning_ProductionNotes,edit,bg,Това е форма за редактиране/добавяне на протокол за производство.
planning_DirectProductionNote,list,bg,"Тук се съдържа списък на всички протоколи за производство
[color=#932C2C]Документ ""Протокол за производство"" се създава само от общия изглед на документ ""Задание за производство""[/color]. За повече информация прочетете: [link=http://bgerp.com/Bg/Proizvodstvo-Planirane/]Производство » Планиране[/link]"
planning_Stages,list,bg,Тук се съдържа списък на всички производствени етапи.
planning_Stages,edit,bg,Това е форма за редактиране/добавяне на производствен етапи.
label_Labels,list,bg,Тук се съдържа списък на всички етикети. За повече информация прочетете: [link=http://bgerp.com/Bg/Proizvodstvo-Tehnologii/]Производство » Етикетиране[/link]
label_Labels,edit,bg,Това е форма за редактиране/добавяне на етикет.
label_Labels,single,bg,Това е общ изглед на етикета.
label_Prints,new,bg,Това е форма за отпечатване на етикет.
label_Templates,list,bg,Тук се съдържа списък на всички шаблони. За повече информация прочетете: [link=http://bgerp.com/Bg/Proizvodstvo-Tehnologii/]Производство » Етикетиране[/link]
label_Templates,edit,bg,Това е форма за редактиране/добавяне на шаблон.
label_Templates,single,bg,Това е общ изглед на шаблона.
label_Media,list,bg,Тук се съдържа списък на всички медии. За повече информация прочетете: [link=http://bgerp.com/Bg/Proizvodstvo-Tehnologii/]Производство » Етикетиране[/link]
label_Media,edit,bg,Това е форма за редактиране/добавяне на медия.
label_Labels,cloneFields,bg,Това е форма за клониране на шаблон.
label_Counters,list,bg,Тук се съдържа списък на всички броячи. За повече информация прочетете: [link=http://bgerp.com/Bg/Proizvodstvo-Tehnologii/]Производство » Етикетиране[/link]
label_Counters,edit,bg,Това е форма за редактиране/добавяне на брояч.
label_Counters,single,bg,Това е общ изглед на брояча.
rfid_Events,list,bg,Тук се съдържа списък на всички събития.
rfid_Tags,list,bg,Тук се съдържа списък на всички карти.
rfid_Readers,list,bg,Тук се съдържа списък на всички четци.
rfid_Holders,list,bg,Тук се съдържа списък на всички картодържатели.
rfid_Ownerships,list,bg,Тук се съдържа списък на всички собственици.
sens_Sensors,list,bg,Тук се съдържа списък на всички сензори от всякакъв тип. За повече информация прочетете: [link=http://www.bgerp.com/A/a/Monitoring-MOM/]Мониторинг » МОМ[/link]
sens_Sensors,edit,bg,Това е форма за редактиране/добавяне на сензор. За повече информация прочетете: [link=http://www.bgerp.com/A/a/Monitoring-MOM/]Мониторинг » МОМ[/link]
sens_Sensors,single,bg,Това е общ изглед на сензора. За повече информация прочетете: [link=http://www.bgerp.com/A/a/Monitoring-MOM/]Мониторинг » МОМ[/link]
sens_IndicationsLog,list,bg,Тук се съдържа списък на всички отчетените стойности от сензорите и се извършва контрол на показанията посредством генериране на графики. За повече информация прочетете: [link=http://www.bgerp.com/A/a/Monitoring-MOM/]Мониторинг » МОМ[/link]
sens_IndicationsLog,edit,bg,Това е форма за редактиране/добавяне на регистър на отчетените стойности от сензорa. За повече информация прочетете: [link=http://www.bgerp.com/A/a/Monitoring-MOM/]Мониторинг » МОМ[/link]
sens_MsgLog,list,bg,Тук се съдържа списък на всички съобщения и аларми генерирани от сензорите. За повече информация прочетете: [link=http://www.bgerp.com/A/a/Monitoring-MOM/]Мониторинг » МОМ[/link]
sens_MsgLog,edit,bg,Това е форма за редактиране/добавяне на съобщение или аларма генерирани от сензорите. За повече информация прочетете: [link=http://www.bgerp.com/A/a/Monitoring-MOM/]Мониторинг » МОМ[/link]
sens_Params,list,bg,"Тук се съдържа списък на всички параметри, поддържани от използваните сензори. За повече информация прочетете: [link=http://www.bgerp.com/A/a/Monitoring-MOM/]Мониторинг » МОМ[/link]"
sens_Params,edit,bg,Това е форма за редактиране/добавяне на параметър
sens_Overviews,list,bg,Тук се съдържа списък на всички мениджър изгледи. За повече информация прочетете: [link=http://www.bgerp.com/A/a/Monitoring-MOM/]Мониторинг » МОМ[/link]
sens_Overviews,edit,bg,Това е форма за редактиране/добавяне на мениджър изглед. За повече информация прочетете: [link=http://www.bgerp.com/A/a/Monitoring-MOM/]Мониторинг » МОМ[/link]
sens_Overviews,single,bg,Това е общ изглед на мениджъра изгледи. За повече информация прочетете: [link=http://www.bgerp.com/A/a/Monitoring-MOM/]Мониторинг » МОМ[/link]
sens_OverviewDetails,edit,bg,Това е форма за редактиране/добавяне на детайл. За повече информация прочетете: [link=http://www.bgerp.com/A/a/Monitoring-MOM/]Мониторинг » МОМ[/link]
permanent_Settings,ajust,bg,Това е форма за настройка на сензора. За повече информация прочетете: [link=http://www.bgerp.com/A/a/Monitoring-MOM/]Мониторинг » МОМ[/link]
cams_Cameras,list,bg,Тук се съдържа списък на всички камери за осъществяване на визуално наблюдение в реално време на обектите на фирмата посредством мрежа от неограничен брой камери. За повече информация прочетете: [link=http://www.bgerp.com/A/a/Monitoring-Kameri/]Мониторинг » Камери[/link]
cams_Cameras,edit,bg,Това е форма за редактиране/добавяне на камерa за осъществяване на визуално наблюдение в реално време на обектите на фирмата посредством мрежа от неограничен брой камери. За повече информация прочетете: [link=http://www.bgerp.com/A/a/Monitoring-Kameri/]Мониторинг » Камери[/link]
cams_Cameras,single,bg,Това е общ изглед на камерата за осъществяване на визуално наблюдение в реално време на обектите на фирмата посредством мрежа от неограничен брой камери. За повече информация прочетете: [link=http://www.bgerp.com/A/a/Monitoring-Kameri/]Мониторинг » Камери[/link]
cams_Records,list,bg,Тук се съдържа списък на всички постъпващи видеосигнали в цифров вид.Те се съхраняват на създадените видеофайлове с възможност за предварително задаване за използването на определен обем памет. За повече информация прочетете: [link=http://www.bgerp.com/A/a/Monitoring-Kameri/]Мониторинг » Камери[/link]
cams_Records,edit,bg,Това е форма за редактиране/добавяне на постъпил видеосигнал в цифров вид. За повече информация прочетете: [link=http://www.bgerp.com/A/a/Monitoring-Kameri/]Мониторинг » Камери[/link]
cams_Positions,list,bg,Тук се съдържа списък на всички предефинирани позиции на камери. За повече информация прочетете: [link=http://www.bgerp.com/A/a/Monitoring-Kameri/]Мониторинг » Камери[/link]
sens2_Indicators,list,bg,"Тук се съдържа списък на всички стойности, които са прочетени от входовете на контролерите или са записани на техните изходи."
sens2_DataLogs,list,bg,Тук се съдържа списък на всички хронологични записи на стойностите
sens2_Controllers,list,bg,Тук се съдържа списък на всички входно-изходните контролери
sens2_Controllers,edit,bg,Това е форма за редактиране/добавяне на входно-изходните контролери
sens2_Controllers,single,bg,Това е общ изглед на входно-изходен контролер
sens2_Logics,list,bg,Тук се съдържа списък на всички Логическите блокове. Те съдържат правила
sens2_Logics,edit,bg,Това е форма за редактиране/добавяне на Логическит блок.
sens2_Logics,single,bg,Това е общ изглед на Логическия блок.
cms_Domains,list,bg,Тук се съдържа списък на всички домейни. За повече информация прочетете: [link=http://www.bgerp.com/Bg/Sayt-CMS/]Подсистема за управление на сайт[/link]
cms_Domains,edit,bg,Това е форма за редактиране/добавяне на домейн. За повече информация прочетете: [link=http://www.bgerp.com/Bg/Sayt-CMS/]Подсистема за управление на сайт[/link]
cms_Domains,single,bg,Това е общ изглед на домейна. За повече информация прочетете: [link=http://www.bgerp.com/Bg/Sayt-CMS/]Подсистема за управление на сайт[/link]
cms_Content,list,bg,Тук се съдържа списък на всички основни менюта. За повече информация прочетете: [link=http://www.bgerp.com/Bg/Sayt-CMS/]Подсистема за управление на сайт[/link]
cms_Content,edit,bg,Това е форма за редактиране/добавяне на основно меню. За повече информация прочетете: [link=http://www.bgerp.com/Bg/Sayt-CMS/]Подсистема за управление на сайт[/link]
cms_Articles,list,bg,Тук се съдържа списък на всички публични статии. За повече информация прочетете: [link=http://www.bgerp.com/Bg/Sayt-CMS/]Подсистема за управление на сайт[/link]
cms_Articles,edit,bg,Това е форма за редактиране/добавяне на публична статия. За повече информация прочетете: [link=http://www.bgerp.com/Bg/Sayt-CMS/]Подсистема за управление на сайт[/link]
cms_Articles,single,bg,Това е общ изглед на публичната статия. За повече информация прочетете: [link=http://www.bgerp.com/Bg/Sayt-CMS/]Подсистема за управление на сайт[/link]
cms_Articles,changefields,bg,Това е форма за редактиране/добавяне на промяна. За повече информация прочетете: [link=http://www.bgerp.com/Bg/Sayt-CMS/]Подсистема за управление на сайт[/link]
cms_Articles,showAll,bg,Това е форма за конкатиниране на статията. За повече информация прочетете: [link=http://www.bgerp.com/Bg/Sayt-CMS/]Подсистема за управление на сайт[/link]
cms_Objects,list,bg,"Тук се съдържа списък на всички обекти, достъпни за публикуване. За повече информация прочетете: [link=http://www.bgerp.com/Bg/Sayt-CMS/]Подсистема за управление на сайт[/link]"
cms_Objects,edit,bg,Това е форма за редактиране/добавяне на обект
cms_Objects,single,bg,Това е общ изглед на обект достъпен за публикуване. За повече информация прочетете: [link=http://www.bgerp.com/Bg/Sayt-CMS/]Подсистема за управление на сайт[/link]
cms_Feeds,list,bg,Тук се съдържа списък на всички хранилки. За повече информация прочетете: [link=http://www.bgerp.com/Bg/Sayt-CMS/]Подсистема за управление на сайт[/link]
cms_Feeds,edit,bg,Това е форма за редактиране/добавяне на хранилка. За повече информация прочетете: [link=http://www.bgerp.com/Bg/Sayt-CMS/]Подсистема за управление на сайт[/link]
cms_VerbalId,list,bg,Тук се съдържа списък на всички регистри за вербални id-та. За повече информация прочетете: [link=http://www.bgerp.com/Bg/Sayt-CMS/]Подсистема за управление на сайт[/link]
cms_VerbalId,edit,bg,Това е форма за редактиране/добавяне на регистър за вербални id-та. За повече информация прочетете: [link=http://www.bgerp.com/Bg/Sayt-CMS/]Подсистема за управление на сайт[/link]
cms_Includes,list,bg,Тук се съдържа списък на всички добавки към публичната страница. За повече информация прочетете: [link=http://www.bgerp.com/Bg/Sayt-CMS/]Подсистема за управление на сайт[/link]
cms_Includes,edit,bg,Това е форма за редактиране/добавяне на добавка към публична страница. За повече информация прочетете: [link=http://www.bgerp.com/Bg/Sayt-CMS/]Подсистема за управление на сайт[/link]
cms_Includes,single,bg,Това е общ изглед на добавка към публична страница. За повече информация прочетете: [link=http://www.bgerp.com/Bg/Sayt-CMS/]Подсистема за управление на сайт[/link]
blogm_Articles,list,bg,Списък на всички [b]блогове[/b] във външната част на bgERP. За повече информация прочетете: [link=http://www.bgerp.com/Bg/Sayt-Blog/]Подсистема за управление на блог[/link]
blogm_Articles,edit,bg,Това е форма за редактиране/добавяне на блог статия. За повече информация прочетете: [link=http://www.bgerp.com/Bg/Sayt-Blog/]Подсистема за управление на блог[/link]
blogm_Articles,single,bg,Това е общ изглед на статията. За повече информация прочетете: [link=http://www.bgerp.com/Bg/Sayt-Blog/]Подсистема за управление на блог[/link]
blogm_Comments,list,bg,"Коментарите, които потребителите правят в [b]блога[/b] се появяват в по-долния списък. За да се виждат под статиите, състоянието на коментарите трябва да се редактира на ""Публикуван""."
blogm_Categories,list,bg,"Всяка статия от [b]блога[/b] може да бъде публикувана в една или няколко от категориите, които се поддържат в този списък."
blogm_Categories,edit,bg,Това е форма за редактиране/добавяне на категория в блога.
blogm_Links,list,bg,"В [b]блога[/b], може да има списък с препратки към други блогове или Интернет ресурси. За да се покажат, те трябва да се включат в списъка по-долу и да са в ""Активно"" състояние."
blogm_Links,edit,bg,Това е форма за редактиране/добавяне на препратка.
vislog_History,list,bg,Тук се съдържа история на търсенията (хитовете) на сайта
vislog_Referer,list,bg,Тук се съдържа списък на всички реферирания.
vislog_HistoryResources,list,bg,Тук се съдържа списък на всички ресурси.
vislog_IpNames,list,bg,Тук се съдържа списък на всички IP логове.
vislog_IpNames,edit,bg,Това е форма за редактиране/добавяне на IP лог.
forum_Boards,list,bg,Тук се съдържа списък на всички форумни дъски. За повече информация прочетете: [link=http://bgerp.com/Bg/Sayt-Forum/]Подсистема за управление на публичен форум[/link]
forum_Boards,edit,bg,Това е форма за редактиране/добавяне на форумна дъска.
forum_Boards,single,bg,Това е общ изглед на форумната дъска.
forum_Categories,list,bg,Тук се съдържа списък на всички форумни категории. За повече информация прочетете: [link=http://bgerp.com/Bg/Sayt-Forum/]Подсистема за управление на публичен форум[/link]
forum_Categories,edit,bg,Това е форма за редактиране/добавяне на форумна категория.
forum_Postings,list,bg,Тук се съдържа списък на всички показвания на всички теми. За повече информация прочетете: [link=http://bgerp.com/Bg/Sayt-Forum/]Подсистема за управление на публичен форум[/link]
social_Sharings,list,bg,Тук се посочват връзките за споделяне на съдържание от публичната част на системата в социални мрежи и други системи. Обикновено тези бутони се показват под статия или блог - постинг.
social_Sharings,edit,bg,Това е форма за редактиране/добавяне на бутон за споделяне в социалните мрежи.
social_Followers,list,bg,Тук се описват връзките към страници или профили на организацията във външни социални мрежи и други ресурси. Обикновено те се показват като бутони под всяка публична страница на системата.
social_Followers,edit,bg,Това е форма за редактиране/добавяне на бутон за проследяване в социалните мрежи.
tracking_Vehicles,list,bg,Тук се описват всички тракер устройства и автомобила към който са прикрепени. За повече информация прочетете:[link=http://bgerp.com/Bg/Monitoring-GPS/]Мониторинг » GPS[/link]
tracking_Log,list,bg,"Тук е изведена актуалната информация за местонахождението на всяко превозно средство, подавана от тракинг устройството, което е прикрепено към него. За повече информация прочетете: [link=http://bgerp.com/Bg/Monitoring-GPS/]Мониторинг » GPS[/link]"
planning_ReturnNotes,list,bg,"Тук се съдържа списък на всички ""Протоколи за връщане от производство"". За повече информация прочетете: [link=http://bgerp.com/Bg/Proizvodstvo-Planirane/]Производство » Планиране[/link]"
planning_Tasks,list,bg,Тук се съдържа регистър на въведените производствени задачи. За повече информация прочетете: [link=http://bgerp.com/Bg/Proizvodstvo-Planirane/]Производство » Планиране[/link]
planning_AssetResources,list,bg,Тук се съдържа списък на всички машинни ресурси. За повече информация прочетете: [link=http://bgerp.com/Bg/Proizvodstvo-Planirane/]Производство » Планиране[/link]
label_Prints,list,bg,Тук се съдържа списък генерираните заявки за печат на етикети. За повече информация прочетете: [link=http://bgerp.com/Bg/Proizvodstvo-Tehnologii/]Производство » Етикетиране[/link]
pos_FavouritesCategories,list,bg,Тук се съдържа списък на всички продуктови категории. За повече информация прочетете: [link=http://www.bgerp.com/Bg/%D0%A2%D0%BE%D1%87%D0%BA%D0%B8-%D0%9D%D0%B0-%D0%9F%D1%80%D0%BE%D0%B4%D0%B0%D0%B6%D0%B1%D0%B0/]Търговия » POS[/link]
pos_Cards,list,bg,Тук се съдържа списък на всички клиентски карти. За повече информация прочетете: [link=http://www.bgerp.com/Bg/%D0%A2%D0%BE%D1%87%D0%BA%D0%B8-%D0%9D%D0%B0-%D0%9F%D1%80%D0%BE%D0%B4%D0%B0%D0%B6%D0%B1%D0%B0/]Търговия » POS[/link]
marketing_Bulletins,list,bg,Тук се съдържа списък на всички Бюлетини и се създават нови. За повече информация прочетете [link=https://bgerp.com/Bg/Informatsionen-byuletin/ ]Информационен бюлетин[/link]
marketing_BulletinSubscribers,list,bg,Тук се съдържа списък на всички абонирани за бюлетини. За повече информация прочетете [link=https://bgerp.com/Bg/Informatsionen-byuletin/ ]Информационен бюлетин[/link]
hr_SalaryIndicators,list,bg,"Тук се съдържа списък на всички показатели, по който се сформира заплатата. За повече информация прочетете: [link=http://www.bgerp.com/A/a/Personal-TRZ/]Персонал » Труд и Работна Заплата[/link]"
log_Data,list,bg,Тук се съдържа списък на всички потребителски логове. За повече информация прочетете: [link=http://bgerp.com/Bg/System-Admin/]Система » Администриране[/link]
remote_Authorizations,edit,bg,Профилът на всеки потребител може да бъде оторизиран да използва онлайн ресурси от други системи. Например може да получава броя на новите известия от други инсталации на bgERP.
help_Info,list,bg,Това е списък с вградената помощна информация в системата.
core_Updates,list,bg,Тук се показва списъкът с наличните версии на системата. По-новите от текущо-инсталираната са оцветени в зелен цвят. Препоръчително е bgERP да се обнови до най-новата си версия.
incoming_Documents,list,bg,Тук се съдържа списък на всички входящи документи регистрирани в системата. За повече информация прочетете: [link=https://bgerp.com/Bg/Dokumenti-Vhodyashti/]Входящи документи[/link]
incoming_Types,list,bg,Тук се съдържа списък на дефинираните типове за входящи документи в bgERP. За повече информация прочетете: [link=https://bgerp.com/Bg/Dokumenti-Vhodyashti/]Входящи документи[/link]
cat_Listings,list,bg,"Тук се създават продуктови листи за купувани и продавани артикули. За повече информация прочетете: [link=https://bgerp.com/Bg/Listvane-na-artikulite/
]Листване на артикулите[/link]"
price_Updates,list,bg,Тук се показват зададените правила за обновяване на себестойността на артикулите в системата. За повече информация прочетете [link=https://bgerp.com/Bg/Standartno-tsenoobrazuvane-1/]Стандартно ценообразуване [/link]
price_ListToCustomers,list,bg,Тук се съдържат всички ценови политики създадени за конкретни клиенти. За повече информация прочетете [link=https://bgerp.com/Bg/Standartno-tsenoobrazuvane-1/]Стандартно ценообразуване[/link]
cond_TaxAndFees,list,bg,Това е списък на дефинираните в системата данъци и такси.
cond_Countries,list,bg,"Тук се съдържа списък на зададените търговски условия по държави. За повече информация прочетете [link=
https://bgerp.com/Bg/Sistema-Definitsii/]Търговски условия[/link]"
cond_Texts,list,bg,"Съдържа списък на запаметени в системата пасажи, които могат да се използват при писане на текст и създаване на документи"
acc_ValueCorrections,list,bg,Тук се съдържа списък на всички документи Корекция на стойност. За повече информация прочетете: [link=https://bgerp.com/Bg/Nestandartni-operatsii/]Нестандартни операции[/link]
hr_Leaves,list,bg,Съдържа списък на въведените молби за отпуск на служителите. За повече информация прочетете:[link= https://bgerp.com/Bg/Schetovodstvo-Personal/]Счетоводство » Персонал[/link]
hr_Sickdays,list,bg,Тук се показват всички въведени болнични листи. За повече информация прочетете:[link= https://bgerp.com/Bg/Schetovodstvo-Personal/]Счетоводство » Персонал[/link]
hr_Trips,list,bg,Тук се съдържа списък на издадените заповеди за командировка на служителите. За повече информация прочетете:[link= https://bgerp.com/Bg/Schetovodstvo-Personal/]Счетоводство » Персонал[/link]
hr_Bonuses,list,bg,Тук се въвеждат начислените на служителите премии.  За повече информация прочетете:[link= https://bgerp.com/Bg/Schetovodstvo-Personal/]Счетоводство » Персонал[/link]
hr_Deductions,list,bg,Тук се въвеждат направените на служителите удръжки.  За повече информация прочетете:[link= https://bgerp.com/Bg/Schetovodstvo-Personal/]Счетоводство » Персонал[/link]
hr_Positions,list,bg,Тук се съдържа списък на използваните във  фирмата длъжности и професии. За повече информация прочетете: [link=https://bgerp.com/Bg/Schetovodstvo-Personal/]Счетоводство » Персонал [/link]
store_Receipts,list,bg,Това е списъкът със складови разписки за постъпили стоки и продукти в склада. За повече информация прочетете [link=https://bgerp.com/Bg/Expedirane-i-poluchavane/]Експедиране и получаване[/link]
store_Transfers,list,bg,"Тук се съдържат и създават документите за междускладов транфер на артикули. За повече информация прочетете [link=https://bgerp.com/Bg/Mejduskladovi-transferi/
]Междускладови трансфери[/link]"
store_ConsignmentProtocols,list,bg,Тук се съдържат и създават документи за предадени и получени артикули на отговорно пазене. За повече информация прочетете [link=https://bgerp.com/Bg/Predavane-na-otgovorno-pazene/]Отговорно пазене[/link]
store_InventoryNotes,list,bg,Страницата включва списък на съставените Протоколи за инвентаризация в системата. За повече информация прочетете [link= https://bgerp.com/Bg/Inventarizatsia/]Инвентаризации[/link]
batch_Items,list,bg,"Тук се извежда наличността по партиди от артикули, за които е зададенна партидност. За повече информация прочетете [link= https://bgerp.com/Bg/Logistika-Partidi/]Логистика » Партиди[/link]"
batch_Movements,list,bg,Тук се показват движенията (приход – разход) по партидите на артикулите. За повече информация прочетете [link=https://bgerp.com/Bg/Logistika-Partidi/]Логистика » Партиди[/link]
tcost_FeeZones,list,bg,"bgERP  позволява автоматично изчисляване и включване в сделките на разходи за транспорт. В тази страница се създават транспортни зони, които са основа за изчисляване на тези разходи. За повече информация прочетете [link=https://bgerp.com/Bg/Logistika-Navla/]Логистика » Навла[/link]"
vislog_Adwords,list,bg,"Google AdWords е платена рекламна платформа, която позиционира сайта в резултатите от търсенето на Google. Ако се използва услугата AdWords в тази страница се извежда историята на хитовете чрез нея."
social_SharingCnts,list,bg,Тук се показват споделените в социалните мрежи Интернет ресурси  от сайта.