21302,"ЕК Айдемир, ул. София 7",7538,"44.100919255019,27.195040026545",100
21303,"ЕК Айтос Автогара, ул. Хаджи Димитър 31",8500,"42.706672950755,27.250509928033",100
21304,"ЕК Айтос Орела, ул. Васил Левски 44",8500,"42.698076546719,27.261124565096",100
21305,"ЕК Аксаково, ул. Капитан Петко Войвода 1",9154,"43.258368636755,27.815425812759",100
21950,"ЕК Априлци, ул. Стара планина 29",5641,"42.839573180877,24.900282570915",100
21306,"ЕК Ардино, ул. Бели брези 21",6750,"41.582288970247,25.13538329895",100
21308,"ЕК Асеновград АБВ, ул. Гоце Делчев 40",4230,"42.011744481678,24.867402489271",100
21309,"ЕК Асеновград Долни Воден, ул. Чинара 2",4230,"42.02293193902,24.838928038025",100
21310,"ЕК Асеновград Запад, бул. България 77",4230,"42.019474041604,24.862311773949",100
21311,"ЕК Асеновград ул. Капитан Райчо 9, ул. Капитан Рай",4230,"42.016352035353,24.882192560501",100
21312,"ЕК Асеновград Христо Ботев, ул. Христо Ботев 3",4230,"42.007667390113,24.879203028679",100
21307,"ЕК Асеновград, ул. Цар Иван Асен II 125",4230,"42.023303560615,24.899684181766",100
21313,"ЕК Ахелой, ул. Слънчев бряг 1",8217,"42.647318711118,27.648838451462",100
21314,"ЕК Балчик Левски, ул. Д-р Желязко Бончев 2Б",9600,"43.420644162286,28.161511315269",100
21316,"ЕК Банкя Стефан Стамболов, ул. Стефан Стамболов 2",1320,"42.706874853671,23.147686719303",100
21315,"ЕК Банкя, ул. София 44",1320,"42.714758593976,23.17224904604",100
21318,"ЕК Банско Горски Техникум, ул. Охрид 8",2770,"41.837547289315,23.49180309555",100
21317,"ЕК Банско, ул. Васил Кънчев 8",2770,"41.843923212562,23.48480858522",100
21319,"ЕК Белене, ул.Патриарх Евтимий 23А",5930,"43.644433582373,25.129461957286",100
21320,"ЕК Белово, бул. Юндола 5",4470,"42.214433781952,24.017726426804",100
21321,"ЕК Белоградчик, бул. Съединение 4",3900,"43.627829165198,22.682101083961",100
21322,"ЕК Белозем, ул. Река Сребра 2",4130,"42.195790493553,25.044558626327",100
21323,"ЕК Белослав, ул. Христо Ботев 36",9178,"43.193525438576,27.710288673821",100
21324,"ЕК Берковица, ул. Бдин 6А",3500,"43.236781034103,23.129893967767",100
21325,"ЕК Бистрица, ул. Цар Асенов път 1",1444,"42.590495444932,23.364844387727",100
21326,"ЕК Благоевград Главна улица, ул. Васил Мечкуевски ",2700,"42.019098007329,23.097418512897",100
21327,"ЕК Благоевград Еконт Експрес, ул. Покровнишко шосе",2700,"41.988998444031,23.064627216797",100
21328,"ЕК Благоевград Еконтомат 24/7 Яне Сандански, ул. Я",2700,"41.996216951645,23.09018197588",100
21329,"ЕК Благоевград Еленово, ул. Георги Андрейчин 7",2700,"42.003731580464,23.107646346588",100
21330,"ЕК Благоевград Запад, ул. Свети Свети Кирил и Мето",2700,"42.01448,23.08672",100
21331,"ЕК Благоевград Кончето, ул. Иван Михайлов 58а",2700,"42.01963,23.0844",100
21332,"ЕК Благоевград Пазара, ул. Даме Груев 15",2700,"42.015382889867,23.095827116394",100
21333,"ЕК Благоевград Стадиона, ул. Стефан Стамболов 51б",2700,"42.02582,23.09753",100
21334,"ЕК Благоевград Струмско, ул. Яне Сандански 2Г",2700,"41.996015619113,23.08895620636",100
21335,"ЕК Божурище, бул. Европа 34а",2227,"42.765634139646,23.196296155567",100
21337,"ЕК Ботевград Изток, ул. Илия Стоянов 3А",2140,"42.905336700566,23.805853193955",100
21951,"ЕК Ботевград Промишлена зона, ул. Адмирал Фьодор У",2140,"42.900755427178,23.78892510231",100
21336,"ЕК Ботевград, пл. Незнаен Войн 4",2140,"42.908520650273,23.791451209717",100
21338,"ЕК Брезник, ул. Георги Бунджулов 12",2360,"42.740673626743,22.901451876717",100
21340,"ЕК Бургас 24/7 Еконтомат- Автогара Запад, ул. Мари",8000,"42.50351,27.45851",100
21341,"ЕК Бургас 24/7 Еконтомат- МОЛ Бургас Плаза, бул. Т",8000,"42.529996227453,27.457151186447",100
21342,"ЕК Бургас Братя Миладинови, ул. Марица 135",8000,"42.50600395137,27.46797173317",100
21343,"ЕК Бургас Ветрен, ул. Българка - кв. Ветрен 78",8000,"42.602417169588,27.384006123228",100
21344,"ЕК Бургас Въстаническа,  ",8000,"42.452256484636,27.418710282402",100
21345,"ЕК Бургас Дебелянов,  ",8000,"42.513916773292,27.456717184143",100
21346,"ЕК Бургас Долно Езерово, ул. Захари Зограф 75",8000,"42.516441407384,27.371241494026",100
21347,"ЕК Бургас Зорница,  51",8000,"42.5131377943,27.468518903809",100
21994,"ЕК Бургас Изгрев Транспортна,  ",8000,"42.53015,27.46457",100
21348,"ЕК Бургас Изгрев,  ",8000,"42.52316492399,27.458693972187",100
21350,"ЕК Бургас Лазур, ул. Батак - жк. Лазур 18",8000,"42.508301086259,27.473229533391",100
21351,"ЕК Бургас Меден рудник,  ",8000,"42.460688611503,27.414053967552",100
21352,"ЕК Бургас Патриарх Евтимий, ул. Пробуда 65",8000,"42.499244017012,27.464100536493",100
21353,"ЕК Бургас ПЗ Север,  1",8000,"42.522414747902,27.436016370795",100
21354,"ЕК Бургас Роял, ул. Оборище 57",8000,"42.49806,27.47667",100
21355,"ЕК Бургас Сарафово, ул. Ради Николов 30",8000,"42.56339,27.52665",100
21356,"ЕК Бургас Славейков,  ",8000,"42.523007768261,27.453890135841",100
21357,"ЕК Бургас Фердинандова, ул. Фердинандова 32",8000,"42.493153862492,27.469637384968",100
21339,"ЕК Бургас, ул. Индустриална 51",8000,"42.483520915086,27.44468132206",100
21358,"ЕК Бяла Слатина, ул. Васил Левски 14",3200,"43.471597088166,23.946506414225",100
21359,"ЕК Бяла, Русенско, ул. Иван Вазов 15",7100,"43.461418157359,25.736637728558",100
21361,"ЕК Варна - Западна промишлена зона, ул. Перла 20",9000,"43.219281025375,27.863857389345",100
21362,"ЕК Варна 24/7 Еконтомат - МОЛ Варна, бул. Владисла",9000,"43.220109472449,27.889346093254",100
21363,ЕК Варна 24/7 Еконтомат - ОМВ бул. Владислав Варне,9000,"43.21593,27.89713",100
21364,"ЕК Варна 24/7 Еконтомат ОМВ ул. Мир, ул. Мир 1",9000,"43.219249813267,27.927014867563",100
21365,"ЕК Варна 27-ми юли, ул. 27-ми юли 14",9000,"43.20417,27.91857",100
21366,"ЕК Варна 8-ми Приморски полк, бул. Осми Приморски ",9000,"43.225961393745,27.946500230255",100
21367,"ЕК Варна Аспарухово, ж.к. Дружба 2",9000,"43.1822675,27.8971477",100
21368,"ЕК Варна Бенковски, ул. Сава Доброплодни 13",9000,"43.207543935234,27.907223900226",100
21369,"ЕК Варна Битоля, ул. Джеймс Баучер 3",9000,"43.218160629633,27.920623104785",100
21370,"ЕК Варна Бриз, ул. Д-р Василаки Пападопулу 47",9000,"43.21920200775,27.955705423279",100
21371,"ЕК Варна Виница, ул. Цар Борис III 16",9000,"43.243805769152,27.979626575567",100
21372,"ЕК Варна Владиславово Ниш, ул. Ниш 33",9000,"43.246651537995,27.853583644458",100
21374,"ЕК Варна Възраждане 3, ул. Поп Димитър 12",9000,"43.233237745448,27.8969012111",100
21375,"ЕК Варна Възраждане Майка Тереза, ул. Майка Тереза",9000,"43.237002754212,27.872986882687",100
21376,"ЕК Варна Доктор А. Железкова, ул. Доктор Анастасия",9000,"43.218765975738,27.927342485428",100
21377,"ЕК Варна ЖП Гара, ул. Шабла 1",9000,"43.1997118,27.9106104",100
21378,"ЕК Варна Кайсиева градина, бул. Цар Освободител 25",9000,"43.235092142068,27.856997564197",100
21379,"ЕК Варна кв. Траката, бул. Княз Борис I 189",9000,"43.22256554433,27.978048306885",100
21380,"ЕК Варна Колхозен пазар, ул. Стара планина 41-43",9000,"43.210797353722,27.899063143903",100
21382,"ЕК Варна Левски Технически университет, ул. Народе",9000,"43.221600063487,27.93446457106",100
21381,"ЕК Варна Левски, ул. Васил Ставрев 2",9000,"43.226685844556,27.92333628738",100
21383,"ЕК Варна Младост Гюрлата,  ",9000,"43.230224329194,27.870313092377",100
21384,"ЕК Варна Пазар Младост, ул. Димитър ефендулов 0",9000,"43.228329622846,27.884272029953",100
21385,"ЕК Варна Патриарха, ул. Калофер 2",9000,"43.2146505,27.8997783",100
21386,"ЕК Варна Победа, ул. Петко Стайнов 12",9000,"43.225306717612,27.900033697815",100
21387,"ЕК Варна Спартак, ул. Неофит Рилски 22",9000,"43.218095893412,27.906393941306",100
21388,"ЕК Варна Трошево, ул. Радост 8",9000,"43.224268372913,27.880313089447",100
21389,"ЕК Варна Христо Ботев, бул. Христо Ботев 18",9000,"43.20399794985,27.901402101102",100
21390,"ЕК Варна Цветен квартал, ул. Бели лилии 20",9000,"43.22328,27.91283",100
21392,"ЕК Варна Чайка Експресна Станция,  ",9000,"43.215473004522,27.944521457672",100
21391,"ЕК Варна Чайка, ул. Рупи 3",9000,"43.215471653545,27.944519808845",100
21393,"ЕК Варна Чаталджа, ул. Княз Николаевич 34",9000,"43.212558980904,27.926000200358",100
21394,"ЕК Варна Червен площад, ул. Цар Асен 50",9000,"43.211621892704,27.919912719049",100
21360,"ЕК Варна, бул. Република 59",9000,"43.224610892528,27.874231180506",100
21395,"ЕК Велики Преслав, ул. Борис Спиров 28",9850,"43.161689391913,26.81829243",100
21397,"ЕК Велико Търново 24/7 Еконтомат МОЛ, ул. Оборище ",5000,"43.078873474732,25.600234635582",100
21398,"ЕК Велико Търново Бузлуджа, ул. Димитър Благоев 40",5000,"43.072434926016,25.605952148995",100
21399,"ЕК Велико Търново България, бул. България 21",5000,"43.078837223379,25.620287553234",100
21400,"ЕК Велико Търново Зоната, ул. Стоян Коледаров 44",5000,"43.069401895365,25.618674169312",100
21401,"ЕК Велико Търново Картала, ул. Стоян Михайловски 9",5000,"43.0840424649,25.622837236481",100
21402,"ЕК Велико Търново Мизия, ул. Мизия 28",5000,"43.073605139851,25.618945860119",100
21403,"ЕК Велико Търново пл. Славейков, пл. Пенчо Славейк",5000,"43.084886903529,25.635844871025",100
21404,"ЕК Велико Търново Христо Ботев, ул. Христо Ботев 2",5000,"43.07951,25.63369",100
21396,"ЕК Велико Търново, ул. Полтава 3Ж",5000,"43.080574122793,25.606253646488",100
21406,"ЕК Велинград Рубин, ул. Св. Св. Кирил и Методий 5",4600,"42.028159194241,23.992547681885",100
21407,"ЕК Велинград Съединение, бул. Съединение 140",4600,"42.017591805285,23.988820256653",100
21952,"ЕК Велинград, ул. Пазарска 2",4600,"42.026939841432,23.996216943817",100
21408,"ЕК Ветово, ул. Велико Търново 5",7080,"43.704705228832,26.265090048599",100
21409,"ЕК Видин Авангард Калето, ул. Княз Борис I 10",3700,"43.9873598,22.878648",100
21410,"ЕК Видин Крум Бъчваров, ул. Райко Жинзифов 0",3700,"43.999026000586,22.871416500168",100
21411,"ЕК Видин площад Ташкюприя, ул. Екзарх Йосиф I 32",3700,"43.987176490582,22.870753259277",100
21412,"ЕК Видин Ровно, ул. Цар Александър II 71",3700,"43.97986,22.8731",100
21413,"ЕК Войводиново, ул. Христо Ботев 1",4135,"42.1939646337,24.783260918136",100
21415,"ЕК Враца 24/7 Еконтомат - ТЦ Суми, бул. Демокрация",3000,"43.20526,23.55605",100
21416,"ЕК Враца Автогара, ул. Васил Кънчов 76",3000,"43.207637605426,23.55856599472",100
21417,"ЕК Враца Дъбника,  ",3000,"43.221641510863,23.552719047623",100
21418,"ЕК Враца Левски, ул. Генерал Леонов 77",3000,"43.20051,23.55882",100
21419,"ЕК Враца Механото, ул. Илинден 10",3000,"43.21534510441,23.540576880951",100
21420,"ЕК Враца площад Руски, ул. Петропавловска 42",3000,"43.20573,23.54668",100
21414,"ЕК Враца, ул. Никола Вапцаров 18",3000,"43.21153,23.55835",100
21421,"ЕК Вълчедръм, ул. България 17",3650,"43.696996732893,23.445731094437",100
21422,"ЕК Вършец, ул. Хан Омуртаг 6",3540,"43.193487493985,23.2851699579",100
21424,"ЕК Габрово ЕСА, ул. Нарцис 1",5300,"42.884287302335,25.313356765537",100
21425,"ЕК Габрово Колелото, пл. Белорусия 3",5300,"42.88853547633,25.32068451786",100
21426,"ЕК Габрово Мадара, ул. Орловска 27",5300,"42.875850009369,25.319002873166",100
21427,"ЕК Габрово Театъра, ул. Св. Св. Кирил и Методий 10",5300,"42.86880452927,25.315678194968",100
21428,"ЕК Габрово Шиваров мост, ул. Йосиф Соколски 4",5300,"42.86158,25.32453",100
21423,"ЕК Габрово, ул. Доктор Заменхоф 3",5300,"42.880991263892,25.314548047781",100
21953,"ЕК Гара Елин Пелин, ул. Райна Княгиня 1",2109,"42.623435883322,23.582813824921",100
21430,"ЕК Генерал Тошево, ул. Трети Март 9",9500,"43.701649120009,28.038621768799",100
21954,"ЕК Герман, ул. Младежка 2А",1186,"42.610390110896,23.410254249573",100
21432,"ЕК Главиница, ул. Розова долина 1",7630,"43.912399952365,26.833629301147",100
21433,"ЕК Гложене, ул. Ленин 93",3327,"43.687167828098,23.804165413933",100
21435,"ЕК Горна Оряховица Гарата, ул. Цар Освободител 95",5100,"43.139364475559,25.683069792278",100
21436,"ЕК Горна Оряховица Пролет, ул. Д-р Петър Берон 4",5100,"43.128878882676,25.683364961061",100
21437,"ЕК Горна Оряховица Шейново, ул. Св. Княз Борис I 1",5100,"43.123721037821,25.69409280117",100
21434,"ЕК Горна Оряховица, ул. Вичо Грънчаров 9",5100,"43.124439944614,25.685475793705",100
21439,"ЕК Гоце Делчев Дунав, ул. Дунав 26",2900,"41.571503830689,23.740055022488",100
21440,"ЕК Гоце Делчев Неврокоп, ул. Генерал Ковачев 6",2900,"41.573894060608,23.727320125656",100
21441,"ЕК Гоце Делчев Панаирски ливади, Панаирски ливади ",2900,"41.580214421531,23.743922999458",100
21438,"ЕК Гоце Делчев, ул. Драма 35",2900,"41.570892174165,23.722738912659",100
21442,"ЕК Градина, ул. Иван Вазов 20",4290,"42.145364055905,25.20711823494",100
22002,"ЕК Гулянци, ул. Г.С. Раковски 15",5960,"43.643748228192,24.689904487305",100
21443,"ЕК Гълъбово, ул. Георги Бенковски 8",6280,"42.139257075377,25.870914748268",100
21444,"ЕК Две могили, ул. Шипка 1",7150,"43.593162362521,25.877828808899",100
21445,"ЕК Девин Васил Левски, ул. Васил Левски 29",4800,"41.742185397554,24.393803473225",100
21446,"ЕК Девня, бул. Съединение 0",9160,"43.224823439396,27.573071411209",100
21447,"ЕК Джебел, ул. Иван Вазов 22",6850,"41.4971877,25.3002915",100
21448,"ЕК Димитровград Автогара Пазара, бул. Димитър Благ",6400,"42.057248152945,25.5850425705",100
21449,"ЕК Димитровград Естило, ул. Петър Парапанов 12-14",6400,"42.059201341418,25.588621552115",100
22004,"ЕК Димитровград кв. Раковски, ул. Гоце Делчев 2",6400,"42.0585368,25.6021305",100
21450,"ЕК Димитровград Тенискортове, ул. Хр.Ботев 46",6400,"42.051652219485,25.577198230566",100
21451,"ЕК Димитровград Форум, бул. Димитър Благоев 16",6400,"42.054995899739,25.597326134779",100
21452,"ЕК Добринище, ул. Александър Стамболийски 1",2777,"41.820637275119,23.562342813568",100
21454,"ЕК Добрич Балик, ул. Христо Ботев 95",9300,"43.57488,27.84463",100
21455,"ЕК Добрич Георги Кирков, ул. Георги Кирков 26",9300,"43.570738906813,27.825831457672",100
21456,"ЕК Добрич Добричка епопея, ул. Хан Тервел 65",9300,"43.571090120906,27.813616778204",100
21457,"ЕК Добрич Добротица, бул. Двадесет и пети септемвр",9300,"43.548343531877,27.825844500041",100
21458,"ЕК Добрич Летен Театър, ул. Генерал Колев 28",9300,"43.56421,27.82507",100
21459,"ЕК Добрич Родина, бул. Двадесет и пети септември 4",9300,"43.57786758166,27.827724862366",100
21460,"ЕК Добрич Русия, бул. Русия 19",9300,"43.56254,27.83372",100
21453,"ЕК Добрич, ул. Генерал-майор Стефан Попов 5",9300,"43.586433059993,27.821505687389",100
21461,"ЕК Долна Митрополия, ул. Свети Свети Кирил и Метод",5855,"43.468354612009,24.51855641983",100
21462,"ЕК Долна Оряховица, ул. Георги Измирлиев 9",5130,"43.156384726999,25.738476926594",100
21463,"ЕК Долни Дъбник, ул. Асен Златаров 16",5870,"43.405208806752,24.435053949947",100
21464,"ЕК Доспат, ул. Тракия 10",4831,"41.648350359892,24.158962296295",100
21955,"ЕК Драгоман 24/7 Еконтомат, ул. Александър Стамбол",2210,"42.921951730133,22.929705265579",100
21466,"ЕК Дряново, ул. Стара Планина 1",5370,"42.975020463938,25.478749683081",100
21467,"ЕК Дулово, ул. Петко Рачев Славейков 2А",7650,"43.818780967376,27.139873219049",100
21469,"ЕК Дупница Патриарха, ул. Патриарх Евтимий 11",2600,"42.260114668935,23.121137570724",100
21470,"ЕК Дупница Тихия кът, ул. Николаевска 59",2600,"42.265922604165,23.125915220337",100
21956,"ЕК Дупница, ул. Македония 29",2600,"42.266708626984,23.111495664673",100
21471,"ЕК Елена, ул. Иларион Макариополски 42",5070,"42.930008421117,25.874707391815",100
21473,"ЕК Елин Пелин Площада, ул. Елин Пелин 10",2100,"42.668480018927,23.602575948791",100
21472,"ЕК Елин Пелин, бул. Новоселци 95",2100,"42.67408868821,23.6077257901",100
21474,"ЕК Елхово, ул. Александър Стамболийски 29",8700,"42.48522,26.51013",100
21475,"ЕК Етрополе Автогара, бул. Партизански 35",2180,"42.82961332777,23.998186483575",100
21957,"ЕК Етрополе бул. Руски, бул. Руски 44",2180,"42.843528390242,24.003182640629",100
21476,"ЕК Златица, ул. Владислав Варненчик 1А",2080,"42.712550639454,24.139827146172",100
21477,"ЕК Златоград, ул. Стефан Стамболов 2А",4980,"41.381809334108,25.09272539682",100
21478,"ЕК Ивайловград, ул. Любимец 1",6570,"41.523596070897,26.119450917797",100
21479,"ЕК Исперих, ул. Родопи 1",7400,"43.714384268834,26.826943336601",100
21958,"ЕК Ихтиман, ул. Цар Освободител 110",2050,"42.436938643053,23.816222463698",100
21482,"ЕК Каварна Промишлена зона Изток, ул. България 81",9650,"43.431055781609,28.297964146423",100
21481,"ЕК Каварна, ул. България 57",9650,"43.435818122046,28.3371475942",100
21483,"ЕК Казанлък Ден, ул. Алеко Константинов 2",6100,"42.620333762886,25.390641020624",100
21484,"ЕК Казанлък Изток, ул. Кремона 26",6100,"42.621549716422,25.411438932972",100
21485,"ЕК Казанлък Манастира, ул. Александър Стамболийски",6100,"42.617646466434,25.383406685181",100
21486,"ЕК Казанлък Розова долина, ул. Розова долина 53",6100,"42.606719668354,25.384431770401",100
21487,"ЕК Казанлък Склад Батенберг, бул. Княз Александър ",6100,"42.615042226144,25.418076132585",100
21488,"ЕК Казанлък Терес, бул. Никола Петков 29",6100,"42.624314447081,25.39695019496",100
21489,"ЕК Казичене, ул. Никола Петков 21А",1532,"42.659565421126,23.462882071152",100
21490,"ЕК Калипетрово, ул. Герена 1",7539,"44.080485465213,27.251324346619",100
21491,"ЕК Калофер, ул. 9 септември 10",4370,"42.609988780441,24.97691839035",100
21492,"ЕК Калояново, ул. Асен Гаргов 27",4173,"42.360064371266,24.73116367157",100
21493,"ЕК Камено, ул. Георги Димитров 19",8120,"42.574080812941,27.292914471936",100
21495,"ЕК Карлово Пазара, ул. Иван Вазов 47",4300,"42.640226050989,24.801570323181",100
21496,"ЕК Карлово Хан Крум, ул. Хан Крум 33",4300,"42.637107039949,24.809931066687",100
21494,"ЕК Карлово, ул. Юмрукчал 36",4300,"42.64741270839,24.807846369854",100
21497,"ЕК Карнобат, Индустриална зона 29",8400,"42.651984855037,26.984564653946",100
21498,"ЕК Каспичан, ул. Мадарски конник 77",9930,"43.313440942865,27.15772164238",100
21499,"ЕК Кирково, ул. Димитър Благоев 23",6884,"41.329313295974,25.364870384656",100
21959,"ЕК Кнежа Общината, ул. Огнян Михайлов 1",5835,"43.496275760166,24.07917230423",100
21501,"ЕК Козлодуй Георги Димитров,  ",3320,"43.780538952147,23.724727147113",100
21502,"ЕК Козлодуй Търговска, Търговска 11",3320,"43.7759338,23.7276672",100
21503,"ЕК Костенец, ул. Търговска 7",2030,"42.308369680032,23.858517697411",100
21505,"ЕК Костинброд Обединена, ул. Обединена 29А",2230,"42.81156619703,23.197500646286",100
21995,"ЕК Костинброд, ул. Славянска 36",2230,"42.809775,23.213601",100
21506,"ЕК Котел, ул. Ген. Иван Кишелски 11",8970,"42.887742959443,26.447800813141",100
21507,"ЕК Кричим, ул. Тракия 26",4220,"42.049509433728,24.469256943741",100
21508,"ЕК Крумовград, ул. Княз Борис I 6",6900,"41.472901896061,25.653940281545",100
21509,"ЕК Крън, ул. Генерал Цвятко Радойнов 34",6140,"42.666444680451,25.383273056107",100
21510,"ЕК Кубрат, ул. Княз Борис 23",7300,"43.793413770617,26.50158282589",100
21511,"ЕК Куклен, ул. Христо Г. Данов 21",4101,"42.037831873021,24.789547584991",100
21513,"ЕК Кърджали България, бул. България 101",6600,"41.63136,25.38938",100
21514,"ЕК Кърджали Васил Априлов, ул. Екзарх Йосиф 6",6600,"41.644396954848,25.37109129577",100
21515,"ЕК Кърджали Веселчане, ул. Първи май 7",6600,"41.62337,25.37785",100
21516,"ЕК Кърджали Възрожденци, ул. Баба Тонка 8",6600,"41.636356192967,25.354364394829",100
21512,"ЕК Кърджали, ул. Металург 2А",6600,"41.636079643623,25.375810667667",100
21517,"ЕК Кюстендил Авангард, ул. Даскал Димитри 31",2500,"42.28541828719,22.695809298286",100
21518,"ЕК Кюстендил Батенберг, ул. Александър Батенберг 1",2500,"42.281882234001,22.685338939148",100
21520,"ЕК Кюстендил Мориц Леви, ул. Мориц Леви 1",2500,"42.2820341,22.6914175",100
21521,"ЕК Левски, ул. Кирил и Методий 16",5900,"43.361756099891,25.141696733246",100
21523,"ЕК Ловеч Автогара, ул. Полковник Александър Кусев ",5500,"43.13858573758,24.708831546388",100
21525,"ЕК Ловеч Пазара, ул. Георги С .Раковски 1",5500,"43.140417330885,24.718207430897",100
21522,"ЕК Ловеч,  ",5500,"43.134176588545,24.701322711639",100
21526,"ЕК Лозен, ул. Съединение 127Г",1151,"42.601835115956,23.488846281433",100
21527,"ЕК Лом Площада, ул. Дунавска 10",3600,"43.826920560579,23.236731623804",100
21528,"ЕК Лом Хан Аспарух, ул. Хан Аспарух 5",3600,"43.821049362603,23.237512146627",100
21529,"ЕК Луковит, ул. Възраждане 83",5770,"43.206712020943,24.162560401085",100
21530,"ЕК Любимец, ул. Христо Ботев 67",6550,"41.849806887457,26.074611359787",100
21531,"ЕК Лясковец Трети март, ул. Трети март 5",5140,"43.107196863642,25.714344570886",100
21961,"ЕК Мадан, ул. Обединение 1",4900,"41.501979026224,24.938361635761",100
21533,"ЕК Мартен, ул. Родопи 2",7058,"43.921315158831,26.081708102646",100
21534,"ЕК Мездра, ул. Динко Петров 2",3100,"43.143141165062,23.71772586401",100
21535,"ЕК Мизия, ул. Георги Димитров 45",3330,"43.688213820341,23.855558560852",100
21999,"ЕК Мобилен офис - Абланица,  ",2932,"41.536769,23.935151",100
21537,"ЕК Мобилен офис - Бобошево,  ",2660,"42.15303,23.000337",100
21538,"ЕК Мобилен офис - Брегово,  ",3790,"44.151389,22.638778",100
22000,"ЕК Мобилен офис - Вълкосел,  ",2930,"41.529356,23.987751",100
21540,"ЕК Мобилен офис - Вълчи дол,  ",9280,"43.405355,27.557378",100
21541,"ЕК Мобилен офис - Върбица,  ",3056,"42.994036,26.671901",100
21542,"ЕК Мобилен офис - Глоджево,  ",7040,"43.7376617,26.3931269",100
21543,"ЕК Мобилен офис - Градец,  ",8990,"42.794137,26.541716",100
21544,"ЕК Мобилен офис - Долни Чифлик,  ",9120,"42.991451,27.719294",100
21545,"ЕК Мобилен офис - Дорково,  ",4641,"42.044915,24.1305",100
21546,"ЕК Мобилен офис - Драгоман,  ",2210,"42.922252,22.930074",100
21547,"ЕК Мобилен офис - Езерово,  ",9168,"43.199191,27.766752",100
21548,"ЕК Мобилен офис - Жеравна,  ",8988,"42.833135,26.459219",100
21549,"ЕК Мобилен офис - Каблешково,  ",8210,"42.659411,27.566102545",100
21550,"ЕК Мобилен офис - Костандово,  ",4644,"42.02442,24.10997",100
21551,"ЕК Мобилен офис - Кочериново,  ",2640,"42.086523,23.05847",100
21552,"ЕК Мобилен офис - Лозница,  ",7290,"43.371419,26.598377",100
21553,"ЕК Мобилен офис - Опака,  ",7840,"43.4433109,26.1649067",100
21554,"ЕК Мобилен офис - Рила,  ",2630,"42.126242,23.132903",100
21557,"ЕК Мобилен офис - Угърчин,  ",5580,"43.0959615,24.420119",100
21558,"ЕК Мобилен офис - Червена вода,  ",7051,"43.810377,26.116181",100
21559,"ЕК Мобилен офис - Ябланово,  ",8989,"42.986422,26.549335",100
21560,"ЕК Мобилен офис - Якоруда,  ",2790,"42.018665,23.670624",100
21561,"ЕК Момчилград, ул. Маказа 3",6800,"41.524134400344,25.411798212199",100
21563,"ЕК Монтана Индустриална, ул. Индустриална 30",3400,"43.414192324188,23.231622653933",100
21564,"ЕК Монтана Младост 2, бул. Монтана 27",3400,"43.42397,23.22525",100
21565,"ЕК Монтана Пъстрина, бул. Александър Стамболийски ",3400,"43.40095,23.23316",100
21566,"ЕК Монтана Театъра, ул. Извора 7Б",3400,"43.407979271889,23.223332786578",100
21562,"ЕК Монтана, бул. Трети март 13",3400,"43.40159,23.2213",100
21567,"ЕК Негован, ул. Васил Левски 45А",1222,"42.767984259786,23.4071654776",100
21569,"ЕК Несебър Склад,  1",8230,"42.665412866202,27.706973399445",100
21568,"ЕК Несебър, ул. Еделвайс 43",8230,"42.65967001155,27.714193076903",100
21570,"ЕК Нова Загора Базара, ул. Петко Енев 78",8900,"42.492085869224,26.00708915885",100
21571,"ЕК Нова Загора В.Левски, ул. Васил Левски 66",8900,"42.496685053038,26.011321970431",100
21573,"ЕК Нови Искър Кумарица, ул. Искърско дефиле 120А",1280,"42.800797397504,23.341649314718",100
21572,"ЕК Нови Искър, ул. Търговска 18",1280,"42.819132972315,23.355416837692",100
21574,"ЕК Нови Пазар, ул. Хаджи Димитър 14",9900,"43.341830223381,27.197707581625",100
21962,"ЕК Нови хан, ул. Оборище 11А",2110,"42.599466359652,23.594424310799",100
21963,"ЕК Обзор, ул. Трети март 3",8250,"42.81753,27.88351",100
21576,"ЕК Омуртаг, ул. Родопи 38",7900,"43.111892516902,26.417962005692",100
21577,"ЕК Оряхово, ул. 6-ти септември 22",3300,"43.733161261024,23.96067989682",100
21578,"ЕК Павел баня, ул. Освобождение 31",6155,"42.596856311489,25.204200299301",100
21580,"ЕК Павликени 24/7 Еконтомат, бул. Руски 59",5200,"43.233719449102,25.318191936569",100
21581,"ЕК Павликени Цар Иван Асен, ул. Атанас Хаджиславче",5200,"43.235031929394,25.30748769154",100
21579,"ЕК Павликени, пл. Стефан Караджа 16",5200,"43.236182377561,25.30010679945",100
21583,"ЕК Пазарджик Булаир, ул. Булаир 27",4400,"42.188207352458,24.33748440937",100
21584,"ЕК Пазарджик Запад, бул. Христо Ботев 88",4400,"42.195396411631,24.320875626984",100
21585,"ЕК Пазарджик Канала, бул. България 55",4400,"42.187147743957,24.326270324888",100
21586,"ЕК Пазарджик Механото, ул. Тодор Каблешков 10",4400,"42.1991303,24.3276326",100
21587,"ЕК Пазарджик Пазара, ул. Цар Симеон 1",4400,"42.1944,24.33628",100
21588,"ЕК Пазарджик Стефан Стамболов, бул. Стефан Стамбол",4400,"42.18417,24.34927",100
21582,"ЕК Пазарджик, ул. Мильо войвода 5",4400,"42.175694646395,24.323055915518",100
21590,"ЕК Панагюрище Сити Център, пл. 20-ти април 1",4500,"42.506147308502,24.188063284712",100
21589,"ЕК Панагюрище, ул. Георги Бенковски 25",4500,"42.500168193782,24.188306003635",100
21591,"ЕК Перник 24/7 Еконтомат - Начална спирка, ул. Оте",2300,"42.602198330856,23.030454748688",100
21592,"ЕК Перник Даскалово, ул. Владайско въстание 1",2300,"42.600804426866,23.1079694841",100
21593,"ЕК Перник Изток, ул. Минск 3",2300,"42.609019265795,23.100155400772",100
21594,"ЕК Перник кв. Проучване,  ",2300,"42.616763350554,23.041661670761",100
21595,"ЕК Перник Мошино, ул. Рашо Димитров 102",2300,"42.616027022182,23.090829027634",100
21596,"ЕК Перник Пазара, ул. Розова долина 3",2300,"42.604972754749,23.027977792451",100
21597,"ЕК Перник Пашов, ул. Бродо 3",2300,"42.606891069364,23.047589474869",100
21598,"ЕК Перущица, Иван Вазов 24",4225,"42.061201,24.548564",100
21599,"ЕК Петрич Ален мак, Вардар 2",2850,"41.392632566687,23.208205392914",100
21600,"ЕК Петрич Монопола, ул. кап. Никола Парапанов 18А",2850,"41.400304569254,23.207396841734",100
21601,"ЕК Петрич Промишлена зона, ул. Места 18",2850,"41.405602614797,23.203106626151",100
21602,"ЕК Пещера България, ул. Георги Кьосеиванов 52",4550,"42.032287286981,24.30584042366",100
21603,"ЕК Пещера Изгрев, ул. Петър Цикалов 15",4550,"42.035913093226,24.306569984512",100
21604,"ЕК Пирдоп, ул. Шеста 3",2070,"42.701619638888,24.180279494226",100
21607,"ЕК Плевен 24/7 Еконтомат - Гарата, пл. Иван Миндил",5800,"43.41967,24.61315",100
21608,"ЕК Плевен Васил Левски, ул. Васил Левски 74",5800,"43.415629842235,24.612091123943",100
21609,"ЕК Плевен Възраждане, ул. Бъкстон 7",5800,"43.409272502755,24.61988",100
21610,"ЕК Плевен Дружба, ул. България 6",5800,"43.404129515542,24.633919519205",100
21611,"ЕК Плевен Метро, ул. Метро 11",5800,"43.43769,24.5921",100
21612,"ЕК Плевен Неофит Рилски, ул. Неофит Рилски 33",5800,"43.414759245413,24.622968853967",100
21613,"ЕК Плевен Сан Стефано, ул. Сан Стефано 31",5800,"43.400595611675,24.622067332218",100
21614,"ЕК Плевен Стара Гара, ул. Сторгозия 165",5800,"43.428989851743,24.592879418316",100
21615,"ЕК Плевен Сторгозия, ул. Сторгозия 39",5800,"43.421713,24.594826",100
21616,"ЕК Плевен Хаджи Димитър, ул. Хаджи Димитър 42",5800,"43.4040778,24.6140861",100
21617,"ЕК Плевен Христо Ботев, ул. Ангел Кънчев 57",5800,"43.407148071917,24.625053869312",100
21605,"ЕК Плевен, ул. Кара Колю 5А",5800,"43.423741714455,24.608298039703",100
21964,"ЕК Пловдив 24/7 Еконтомат - Тракия, бул. Съединени",4000,"42.13232,24.79506",100
21965,"ЕК Пловдив 24/7 Еконтомат МОЛ Марково тепе, бул. Р",4000,"42.1414,24.74116",100
21966,"ЕК Пловдив 24/7 Еконтомат ОМВ бул. България, бул. ",4000,"42.15801,24.73552",100
21622,"ЕК Пловдив Автогара Родопи, ул. Калиакра 7а",4000,"42.13141665483,24.740125219574",100
21623,"ЕК Пловдив Адата, бул. Марица 154",4000,"42.15414,24.76149",100
21624,"ЕК Пловдив Арчарица, ул. Арчарица 1",4000,"42.148572426856,24.770706357672",100
21625,"ЕК Пловдив Беласица, ул. Беласица 49",4000,"42.138926598006,24.757981590213",100
21626,"ЕК Пловдив Беломорски, ул. Остромила 37",4000,"42.111042268529,24.730555038376",100
21627,"ЕК Пловдив Брезовско шосе, ул. Брезовско шосе 145А",4000,"42.171486728639,24.754298730152",100
21628,"ЕК Пловдив бул. България 310, бул. България 310",4000,"42.155387432612,24.708631959949",100
21967,"ЕК Пловдив Васил Левски, ул. Васил Левски 244",4000,"42.18631,24.73777",100
21630,"ЕК Пловдив ВИП, ул. Хан Тервел 15",4000,"42.1452609,24.7606677",100
21968,"ЕК Пловдив Гербера кв.Тракия, ул. Димитър Ризов 1",4000,"42.12986,24.77713",100
21632,"ЕК Пловдив Дунав, ул. Йоан Екзарх 17",4000,"42.16021,24.73216",100
21633,"ЕК Пловдив ЖП Гара, бул. Христо Ботев 7",4000,"42.1343,24.73604",100
21634,"ЕК Пловдив Изгрев, ул. Острец 12",4000,"42.15723,24.79015",100
21635,"ЕК Пловдив Капана, ул. Стефан Веркович 3",4000,"42.150058011438,24.749257987766",100
21636,"ЕК Пловдив Коматево, ул. Коматевско шосе 193",4000,"42.095916975273,24.698123143286",100
21637,"ЕК Пловдив Кършияка, ул. Средец 60",4000,"42.15773033693,24.739381773016",100
21638,"ЕК Пловдив Кючук Париж, ул. Горно Броди 41",4000,"42.124015671735,24.743580058861",100
21639,"ЕК Пловдив Мараша, ул. Иван Радославов 6",4000,"42.146979805606,24.727434287033",100
21640,"ЕК Пловдив Марица, бул. Марица 50",4000,"42.1524789,24.7363831",100
21641,"ЕК Пловдив Митницата, ул. Кукленско Шосе 1",4000,"42.094447187811,24.761869600372",100
21642,"ЕК Пловдив Младежка, ул. Младежка 37",4000,"42.14985,24.72389",100
21643,"ЕК Пловдив Орфей, ул. Орфей 24",4000,"42.12853,24.70403",100
21644,"ЕК Пловдив Освобождение 5, бул. Освобождение 5",4000,"42.146865299953,24.783462426567",100
21645,"ЕК Пловдив Панаира, бул. Дунав 196A",4000,"42.162179018212,24.763689619713",100
21646,"ЕК Пловдив Прослав, ул. Елин Пелин 30",4000,"42.12566,24.68819",100
21647,"ЕК Пловдив Руски, ул. Драган Цанков 47",4000,"42.14092,24.74015",100
21648,"ЕК Пловдив Свобода, ул. Тунджа 10",4000,"42.1427287,24.7316542",100
21649,"ЕК Пловдив Север, ул. Георги Бенев 3",4000,"42.165841241927,24.730327526736",100
21650,"ЕК Пловдив Скобелева майка, ул. Георги Цариградски",4000,"42.144636153016,24.798874809856",100
21996,"ЕК Пловдив Смирненски, бул. Пещерско шосе 115",4000,"42.13712,24.71739",100
21652,"ЕК Пловдив Събота Пазар, ул. Иван Гарванов 6",4000,"42.129618411735,24.750108017197",100
21653,"ЕК Пловдив Съдийски, ул. Георги Груев 6",4000,"42.1338,24.75967",100
21970,"ЕК Пловдив Тепето, бул. Пещерско шосе 28А",4000,"42.14008,24.72917",100
21971,"ЕК Пловдив Тракия Матевски, ул. Съединение 13",4000,"42.13893862104,24.796887288361",100
21655,"ЕК Пловдив Тракия,  ",4000,"42.135916626798,24.789779996829",100
21657,"ЕК Пловдив Търговска зона, ул. Брезовско шосе 4а",4000,"42.164758421105,24.750085888395",100
21658,"ЕК Пловдив Христо Ботев, ул. Константин Геров 6",4000,"42.129704,24.7262137",100
21659,"ЕК Пловдив Южен, ул. Асен Христофоров 6",4000,"42.12087225252,24.731605794334",100
21618,"ЕК Пловдив, ул. Кукленско Шосе 11",4000,"42.122160000622,24.759449968262",100
21660,"ЕК Полски Тръмбеш, ул. Търговска 19",5180,"43.365327732685,25.633600219821",100
21662,"ЕК Поморие Нов град, ул. Княз Борис I 175А",8200,"42.566814270125,27.616458675117",100
21972,"ЕК Поморие, ул. Александър Батенберг 7",8200,"42.5609671,27.6409069",100
21664,"ЕК Попово Фотинова, ул. Фотинова 2",7800,"43.347189693975,26.232288768845",100
21663,"ЕК Попово, бул. България 117",7800,"43.348677893848,26.221148071198",100
21665,"ЕК Правец, ул. Бърдо 1",2161,"42.895505480082,23.917694157467",100
21973,"ЕК Приморско, ул. Ропотамо 47",8180,"42.268482937023,27.747249981689",100
21667,"ЕК Провадия, ул. Генерал Манзей 1",9200,"43.1818964202,27.444400480347",100
21669,"ЕК Първомай Дебър, ул. Княз Борис I-ви 193",4270,"42.077455638549,25.193597963409",100
21668,"ЕК Първомай, ул. Стара планина 1",4270,"42.096639548568,25.221752121704",100
21670,"ЕК Равда, ул. Делфин 3",8238,"42.643710271232,27.676789314957",100
21671,"ЕК Раднево, ул. Здравец 10",6260,"42.2908361,25.9335032",100
21672,"ЕК Радомир, ул. Райко Даскалов 46А",2400,"42.544503191506,22.961528918663",100
21673,"ЕК Разград Автогара, ул. връх Св. Никола 2",7200,"43.524114620183,26.530490061598",100
21674,"ЕК Разград Бели Лом, ул. Осъм 30",7200,"43.530386444841,26.520926919544",100
21975,"ЕК Разград бизнес зона Перистър, ул. Конверсия 4",7200,"43.5304182,26.504972",100
21675,"ЕК Разград Орел, ул. Юмрукчал 19",7200,"43.51827576068,26.520864765425",100
21677,"ЕК Разлог Предела, ул. Г.С.Раковски 5",2760,"41.883305273203,23.460267628403",100
21676,"ЕК Разлог, ул. Бяла река 4",2760,"41.888363396349,23.468444040375",100
21678,"ЕК Ракитово, ул. Липа 2",4640,"41.986975168926,24.087519338684",100
21680,"ЕК Раковски Секирово, ул. Трети март 41",4150,"42.270730893603,24.938385006714",100
21679,"ЕК Раковски, ул. Москва 27",4150,"42.287502912767,24.969177535133",100
21681,"ЕК Рудозем, бул. България 9",4960,"41.48719499645,24.848738958861",100
21682,"ЕК Руен, ул. Първи май 41",8540,"42.800450731455,27.282096066666",100
21685,"ЕК Русе Борисова, ул. Видин 1",7000,"43.842717940477,25.953568422615",100
21686,"ЕК Русе България 123, бул. България 123",7000,"43.859565976039,26.013652885914",100
21687,"ЕК Русе Възраждане, ул. Плиска 52",7000,"43.856015618319,25.96928401786",100
21688,"ЕК Русе Дружба, бул. Васил Левски 4",7000,"43.830679798912,25.970689388885",100
21689,"ЕК Русе Западна зона, бул. Трети март 74",7000,"43.822063752977,25.928855827408",100
21976,"ЕК Русе Кръговото, бул. Цар Освободител 62",7000,"43.84356,25.96003",100
21691,"ЕК Русе Локомотив, ул. Плиска 91",7000,"43.860699057621,25.977376988487",100
21692,"ЕК Русе Медика, ул. Рига 11",7000,"43.849949708413,25.993473877316",100
21693,"ЕК Русе Мототехника, бул. Липник 135",7000,"43.854151409321,26.004903558197",100
21694,"ЕК Русе Николаевска, ул. Николаевска 109",7000,"43.8346688,25.9546448",100
21695,"ЕК Русе Родина, ул. Чипровци 27",7000,"43.845116131101,25.973075364418",100
21696,"ЕК Русе Славянска, бул. Славянски 20",7000,"43.846564785792,25.948785160713",100
21697,"ЕК Русе Солун, ул. Солун 25",7000,"43.84933,25.96694",100
21698,"ЕК Русе Търговска, ул. Акад. Михаил Арнаудов 2",7000,"43.855506238263,25.984712596226",100
21699,"ЕК Русе Халите, ул. Цар Фердинанд 3",7000,"43.852249057742,25.955828121262",100
21700,"ЕК Русе Хан Крум, ул. Хан Крум 11",7000,"43.846677096839,25.955715541",100
21701,"ЕК Русе Чародейка,  ",7000,"43.832577205709,25.97687",100
21683,"ЕК Русе, бул. Тутракан 44Б",7000,"43.871989048734,26.009315832996",100
21703,"ЕК Самоков кв.Самоково, ул. Преспа 15",2000,"42.328470965659,23.551591125374",100
21704,"ЕК Самоков Площада, ул. Цар Борис 3 3",2000,"42.337126744559,23.558828830719",100
21702,"ЕК Самоков, ул. Македония 70",2000,"42.337296120816,23.54897489469",100
21706,"ЕК Сандански Базилика, ул. Христо Ботев 13",2800,"41.567427866197,23.279781526995",100
21707,"ЕК Сандански Стамболов, ул. Стефан Стамболов 6",2800,"41.559367895828,23.282060063553",100
21705,"ЕК Сандански, ул. Георги Бенковски 15",2800,"41.557644367891,23.277802687749",100
21977,"ЕК Сапарева баня, ул. Иван Вазов 83",2650,"42.29742,23.26739",100
21998,"ЕК Сатовча, ул. Малчика 3",2950,"41.621255624266,23.972838810043",100
21997,"ЕК Свети Влас, ул. Свети Власий 44",8256,"42.71137228211,27.766179731445",100
21710,"ЕК Свиленград Младост, ул. 23-ти септември 71",6500,"41.774993741919,26.209582231274",100
21709,"ЕК Свиленград, бул. България 60",6500,"41.765771717461,26.199947163268",100
21712,"ЕК Свищов Велешана, ул. Опълченска 16",5250,"43.619134226237,25.337887771819",100
21713,"ЕК Свищов Студентски град, ул. Трети март 93",5250,"43.612145187452,25.36736219223",100
21711,"ЕК Свищов, ул. Тридесет и трети Свищовски полк 29А",5250,"43.617203833334,25.348458488113",100
21714,"ЕК Своге, ул. Пенчо Славейков 5",2260,"42.960615581693,23.345117486887",100
21716,"ЕК Севлиево пл. Свобода, ул. Шипка 8",5400,"43.027546015924,25.102955476652",100
21715,"ЕК Севлиево, ул. Никола Петков 41А",5400,"43.022515985788,25.093760779457",100
21974,"ЕК село Първомай, Кавракирски път 1",2890,"41.403527283512,23.142928534851",100
21717,"ЕК Септември, ул. Любен Каравелов 13",4490,"42.205009802463,24.134012749748",100
21718,"ЕК Силистра Аврора, ул. София 80",7500,"44.111514564607,27.261182413275",100
21720,"ЕК Силистра Македония, бул. Македония 152",7500,"44.120454040069,27.26824594841",100
21721,"ЕК Силистра Промишлена зона, ул. Тутракан 14",7500,"44.107744624563,27.239430968895",100
21722,"ЕК Симеоновград, ул. Търговска 8",6490,"42.033674381835,25.830888393555",100
21723,"ЕК Симитли, ул. Георги Димитров 74",2730,"41.890007499022,23.106343344688",100
21979,"ЕК Сливен 24/7 Еконтомат - Промишлена зона, Самуил",8800,"42.649183759283,26.325981919327",100
21724,"ЕК Сливен Аксаков, ул. Генерал Драгомиров 10",8800,"42.6786161,26.3156067",100
21725,"ЕК Сливен Бр. Миладинови, бул. Братя Миладинови 16",8800,"42.6777636,26.3199359",100
21726,"ЕК Сливен Българка,  ",8800,"42.682615104542,26.33873491581",100
21727,"ЕК Сливен Васил Левски, пл. Васил Левски 5",8800,"42.681786955417,26.322893833476",100
21728,"ЕК Сливен Дружба, ул. Стефан Стамболов 4",8800,"42.674093711511,26.345061525697",100
21729,"ЕК Сливен Клуцохор, ул. Хан Крум 43",8800,"42.678496350456,26.303943471411",100
21730,"ЕК Сливен Панайот Хитов, ул. Панайот Хитов 65",8800,"42.688282165761,26.333880285072",100
21731,"ЕК Сливен Промишлена зона, Самуиловско шосе 1А",8800,"42.649221102111,26.326052105523",100
21980,"ЕК Сливен Речица, ул. Тодор Асенов 12",8800,"42.62535,26.27657",100
21732,"ЕК Сливен Светлина, ул. Стефан Караджа 6",8800,"42.666600261365,26.325104439378",100
21733,"ЕК Сливница, ул. Паисий Хилендарски 33",2200,"42.852943338245,23.037122201901",100
21734,"ЕК Сливо поле, пл. Иван Рилски 1",7060,"43.946414894526,26.204126995316",100
21735,"ЕК Слънчев бряг Автогара,  ",8240,"42.692611054416,27.705567172127",100
21736,"ЕК Слънчев бряг Вива,  ",8240,"42.698119475912,27.705745874302",100
21737,"ЕК Слънчев бряг24/7 Еконтомат,  ",8240,"42.692619925847,27.705599358635",100
21739,"ЕК Смолян Военно окръжие, ул. Христо Смирненски 2а",4700,"41.5803,24.69254",100
21740,"ЕК Смолян Райково, ул. Деспот Слав 1",4700,"41.569413946393,24.732657055225",100
21741,"ЕК Смолян Устово, ул. Братан Шукеров 11а",4700,"41.572800008048,24.783234662704",100
21738,"ЕК Смолян, ул. Бузлуджа 7",4700,"41.576713593299,24.709740176582",100
22001,"ЕК Смядово, пл. Княз Борис 1",9820,"43.064162502514,27.01421702179",100
21742,"ЕК Созопол Републиканска, ул. Републиканска 28",8130,"42.413919648935,27.697476395193",100
21982,"ЕК Сопот, ул. Ганчо поп Николов 17",4330,"42.651753556211,24.758211067276",100
21983,"ЕК София - Иво Досев, ул. Резбарска 9",1000,"42.71322,23.35624",100
21745,"ЕК София 24/7 Еконтомат - ОМВ 8-ми декември, ул. О",1000,"42.650991427758,23.357601604824",100
21746,"ЕК София 24/7 Еконтомат - ОМВ Ботевградско шосе, б",1000,"42.706930664894,23.410455887241",100
21747,"ЕК София 24/7 Еконтомат - ОМВ България, бул. Бълга",1000,"42.667471846356,23.290825375958",100
21748,"ЕК София 24/7 Еконтомат - ОМВ Владимир Вазов, бул.",1000,"42.701810786025,23.351239855156",100
21749,"ЕК София 24/7 Еконтомат - ОМВ Г.М. Димитров, бул. ",1000,"42.66322,23.35843",100
21750,"ЕК София 24/7 Еконтомат - ОМВ Дружба, бул. Проф. Ц",1000,"42.661565463663,23.391752009354",100
21751,"ЕК София 24/7 Еконтомат - ОМВ Ломско шосе, бул. Ло",1000,"42.722998572034,23.306745273819",100
21752,"ЕК София 24/7 Еконтомат - ОМВ Люлин 10, бул. Цариц",1000,"42.710723413729,23.272066608543",100
21753,"ЕК София 24/7 Еконтомат - ОМВ Опълченска, ул. Опъл",1000,"42.703406362505,23.31072997057",100
21754,"ЕК София 24/7 Еконтомат - ОМВ Пробива, бул. Акад. ",1000,"42.691079429567,23.295562186508",100
21755,"ЕК София 24/7 Еконтомат - ОМВ Резбарска, ул. Резба",1000,"42.707947287053,23.341806302719",100
21756,"ЕК София 24/7 Еконтомат - ОМВ Рожен, бул. Рожен 20",1000,"42.732655950561,23.314109153442",100
21757,"ЕК София 24/7 Еконтомат - ОМВ София Младост 1 А, б",1000,"42.651262871231,23.379493761902",100
21758,"ЕК София 24/7 Еконтомат - ОМВ Столетов, бул. Ген. ",1000,"42.710645031255,23.308425541",100
21759,"ЕК София 24/7 Еконтомат - ОМВ Цариградско шосе, бу",1000,"42.661593718971,23.377439370708",100
21761,"ЕК София Аксаков, ул. Аксаков 15",1000,"42.69341,23.33133",100
21762,"ЕК София Арсеналски, ул. Димитър Хаджикоцев 12",1000,"42.677326094894,23.320260846558",100
21763,"ЕК София Бели брези, ул. Лерин 41",1000,"42.677148156544,23.290585599861",100
21764,"ЕК София Бели Дунав,  ",1000,"42.733373641621,23.289962915344",100
21765,"ЕК София Бенковски, бул. Лазар Михайлов 122",1000,"42.74511,23.34843",100
21766,"ЕК София Бигла, ул. Бигла 37",1000,"42.6711775,23.327338576617",100
21767,"ЕК София Бизнес Парк,  ",1000,"42.631533779397,23.374373605804",100
21768,"ЕК София Бокар Манастирски ливади,  ",1000,"42.6601687607,23.28792361475",100
21770,"ЕК София Борис Стефанов Експресна Станция, ул. Ака",1000,"42.65341,23.34242",100
21769,"ЕК София Борис Стефанов, ул. Акад.Борис Стефанов 2",1000,"42.653479043516,23.342464591725",100
21771,"ЕК София Борово,  ",1000,"42.667068057404,23.284996559525",100
21772,"ЕК София Борса Къра, бул. Проф. Цветан Лазаров 4-8",1000,"42.670679981096,23.38264821167",100
21773,"ЕК София Бояна, ул. Кумата 77",1000,"42.64266,23.28566",100
21774,"ЕК София БЦ Витоша, бул. Черни връх 47",1000,"42.66132224138,23.317716618385",100
21775,"ЕК София Вас метал, бул. Ботевградско шосе 276",1000,"42.708116285384,23.418172157078",100
21776,"ЕК София Военна Рампа, бул. Илиянци 12",1000,"42.734178177372,23.323876249243",100
21777,"ЕК София Гара Искър, ул. Мюнхен 14",1000,"42.658921933208,23.413070739148",100
21778,"ЕК София Гладстон, ул. Цар Самуил 3",1000,"42.689663387634,23.315372407935",100
21779,"ЕК София Горна баня, ул. Инж. Борислав Огойски 2",1000,"42.674461157825,23.243136326389",100
21780,"ЕК София Горубляне, ул. Пионерска 5",1000,"42.63123,23.40732",100
21984,"ЕК София Горублянско ханче, бул. Цариградско шосе ",1000,"42.63787,23.41525",100
21781,"ЕК София Гурко, ул. Кузман Шапкарев 5",1000,"42.692971350352,23.325517813492",100
21782,"ЕК София Гюешево БЦ Сердика, ул. Гюешево 83",1000,"42.69040757985,23.29405650528",100
21783,"ЕК София Делийска воденица, ул. Делийска воденица ",1000,"42.64753,23.40941",100
21784,"ЕК София Дианабад, ул. Тинтява 27",1000,"42.6667615,23.3477112",100
22005,"ЕК София Драгалевци нов, ул Захари Зограф 32",1000,"42.62933,23.31181",100
21786,"ЕК София Дружба 1,  ",1000,"42.667935690746,23.391979625778",100
21787,"ЕК София Дружба Илия Бешков, ул. Илия Бешков 12",1000,"42.656907741962,23.401040728836",100
21788,"ЕК София Дървеница, бул. Андрей Ляпчев 11",1000,"42.6500967,23.3631391",100
21789,"ЕК София Еконтомат - Парадайс Център, бул. Черни в",1000,"42.65802,23.31576",100
21790,"ЕК София Емил Марков, бул. Тодор Каблешков 24",1000,"42.66024,23.29861",100
21791,"ЕК София Западен парк, бул. Александър Стамболийск",1000,"42.70241,23.28455",100
21792,"ЕК София Захари Стоянов, бул. Захари Стоянов 0",1000,"42.720503719577,23.242282378094",100
21793,"ЕК София Иван Вазов, бул. Витоша 150",1000,"42.680024227078,23.311029968262",100
21794,"ЕК София Изток, ул. Акад. Методи Попов 13",1000,"42.673788900336,23.350891329886",100
21795,"ЕК София Илиянци - База 1, ул. Петър Панайотов 3",1000,"42.739660093166,23.312980633096",100
21796,"ЕК София Илиянци - Втора база, ул. Петър Панайотов",1000,"42.74171,23.30866",100
21797,"ЕК София Карпузица, ул. Любляна 69",1000,"42.665333752655,23.249691776791",100
21798,"ЕК София кв.Витоша, ул. Асен Разцветников 14А",1000,"42.64723,23.33345",100
21799,"ЕК София Кемпински, ул. Капитан Тодор Ночев 28",1000,"42.669401607982,23.316930372596",100
21800,"ЕК София Климент Охридски, бул. Св Климент Охридск",1000,"42.642290855715,23.353287723873",100
21801,"ЕК София Княжево, бул. Цар Борис III 355",1000,"42.6591,23.24303",100
21802,"ЕК София Козлодуй, ул. Козлодуй 8",1000,"42.707410780401,23.325959733015",100
21990,"ЕК София Константин Величков, ул. Цар Иван Алексан",1000,"42.707130413561,23.298099293671",100
21804,"ЕК София Красна поляна, ул. Колю Фичето 0",1000,"42.695000380538,23.28720181282",100
21805,"ЕК София Красно село, ул. Царица Елеонора 12",1000,"42.674199153498,23.282659626223",100
21806,"ЕК София Кръстова вада, бул. Черни връх 154",1000,"42.64821,23.31462",100
21807,"ЕК София Лагера, ул. Балчик 5",1000,"42.681089435908,23.286070728836",100
21809,"ЕК София Левски Г,  ",1000,"42.7129,23.37619",100
21808,"ЕК София Левски, ул. Княгиня Тамара 40",1000,"42.704403023696,23.384941509323",100
21810,"ЕК София Линкълн,  ",1000,"42.688947178309,23.250891294937",100
21811,"ЕК София Ломско шосе,  ",1000,"42.729057015096,23.298610365283",100
21812,"ЕК София Лъвов мост, ул. Поп Богомил 38",1000,"42.70373,23.32441",100
21813,"ЕК София Любляна, ул. Любляна 22А",1000,"42.673913510875,23.263256209822",100
21815,"ЕК София Люлин 1 Европа,  ",1000,"42.730834247169,23.252363813848",100
21816,"ЕК София Люлин 5, бул. Райко Даскалов 5",1000,"42.71355,23.24555",100
21991,"ЕК София Люлин 8 Щастие, бул. Панчо Владигеров 51",1000,"42.723966112982,23.259346998672",100
21817,"ЕК София Малашевци, ул. Първа Българска армия 82",1000,"42.713807281105,23.342142381884",100
21819,"ЕК София Манастирски ливади Изток, ул. Ивелин Дими",1000,"42.65133769032,23.293191982803",100
21818,"ЕК София Манастирски ливади, ул. Иван Сусанин 54А",1000,"42.662355680915,23.277755423279",100
21821,"ЕК София Младост 1, ул. Йерусалим 54",1000,"42.654348704506,23.372312750232",100
21822,"ЕК София Младост 1А Пътеките, ул. Кръстьо Раковски",1000,"42.65003,23.380670728836",100
21823,"ЕК София Младост 2,  ",1000,"42.641782010868,23.369819040337",100
21824,"ЕК София Младост 4,  ",1000,"42.626211135063,23.383598393159",100
21825,"ЕК София Младост Окръжна болница, ул. Усмивка 23",1000,"42.661742636004,23.375736167984",100
21820,"ЕК София Младост, ул. Ген. Радко Димитриев 200",1000,"42.638995618365,23.383841803627",100
21826,"ЕК София Модерно предградие, ул. Методи Македонски",1000,"42.724875899355,23.271106381788",100
21985,"ЕК София Момина клисура, бул. Ботевградско шосе 4",1000,"42.699171151215,23.36759230423",100
21828,"ЕК София Мусагеница, ул. Боян Дановски 13",1000,"42.663724165014,23.362786683655",100
21829,"ЕК София Нюман, ул. Проф. Иван Георгов 3",1000,"42.72968,23.32527",100
21830,"ЕК София Обеля 1,  ",1000,"42.739391206763,23.274123361664",100
21831,"ЕК София Обеля 2, бул. Ломско шосе 207",1000,"42.743085122766,23.28367358532",100
21833,"ЕК София Овча купел 2, бул. Президент Линкълн 116",1000,"42.68306959042,23.242885684924",100
21832,"ЕК София Овча купел, ул. Маестро Кънев 78",1000,"42.679193357606,23.253779054431",100
21834,"ЕК София Одрин, ул. Одрин 105",1000,"42.703039120821,23.304979810906",100
21835,"ЕК София Опълченска, ул. Опълченска 117",1000,"42.71136760138,23.31483929451",100
21836,"ЕК София Орион, ул. Луи Пастьор 103А",1000,"42.715933608573,23.26857923563",100
21837,"ЕК София Орландовци, ул. Мара Бунева 59",1000,"42.72514,23.34395",100
21838,"ЕК София Орлов мост, ул. Виктор Юго 7",1000,"42.689911616442,23.340033283787",100
21839,"ЕК София Павлово, ул. Мадара 1",1000,"42.664379723253,23.262015101852",100
21986,"ЕК София Паметника Левски, бул. Янко Сакъзов 14",1000,"42.696513625377,23.337078655434",100
21841,"ЕК София Панчарево, ул. Самоковско шосе 214",1000,"42.596433897791,23.41196966011",100
21842,"ЕК София парк – ул. Рачо Казанджията, ул. Рачо Пет",1000,"42.622281053647,23.369600233135",100
21843,"ЕК София Плиска, бул. Шипченски проход 18",1000,"42.678943153128,23.360733552397",100
21844,"ЕК София Разсадника, бул. Александър Стамболийски ",1000,"42.699814412861,23.294691428819",100
21845,"ЕК София Раковски, ул. Георги Сава Раковски 73",1000,"42.701127138405,23.329431951065",100
21846,"ЕК София Редута, ул. Блага Димитрова 23",1000,"42.69518,23.36018",100
21847,"ЕК София Римска стена, ул. Арх. Йордан Миланов 4",1000,"42.680599436219,23.332217930059",100
21848,"ЕК София Руски паметник, ул. Люлин планина 17",1000,"42.690127525665,23.31150280318",100
21849,"ЕК София Света Троица, ул. Бабина поляна 12",1000,"42.709975191804,23.290496906595",100
21850,"ЕК София Свобода, ул. Ген.Никола Жеков 22",1000,"42.737173204686,23.301633236194",100
21851,"ЕК София Силвър Център Люлин, бул. Джавахарлал Нер",1000,"42.714604248801,23.256539385424",100
21852,"ЕК София Симеоново, бул. Симеоновско шосе 150",1000,"42.630607297807,23.333274576721",100
21853,"ЕК София Слатина, ул. Иван Димитров - Куклата 15",1000,"42.67743,23.37096",100
21855,"ЕК София Стамболийски - ул. Осогово 30, ул. Осогов",1000,"42.699558195231,23.308128922615",100
21856,"ЕК София Сточна гара, бул. Ген. Данаил Николаев 10",1000,"42.70277,23.33646",100
21857,"ЕК София Стрелбище, ул. Кестенова гора 21",1000,"42.671735,23.296364",100
21858,"ЕК София Студентски град, ул. Проф. Атанас Иширков",1000,"42.646262,23.34089",100
21859,"ЕК София Сухата река, ул. Тодорини кукли 4",1000,"42.701974713882,23.354489909978",100
21860,"ЕК София Суходол, ул. Траян Танев 40",1000,"42.696736918492,23.22563959259",100
21861,"ЕК София Технически университет, ул. Проф. Георги ",1000,"42.657000175797,23.357829691293",100
21862,"ЕК София Толстой, ул. Стражица 7",1000,"42.72483,23.30555",100
21863,"ЕК София Требич Латин Колев, ул. Латин Колев - кв.",1000,"42.771841520222,23.315640927925",100
21987,"ЕК София Универсиада, ул. Борис Христов 18-20",1000,"42.684743099124,23.356127842922",100
21865,"ЕК София Фондови жилища, ул. Никола Михайловски 20",1000,"42.714576774616,23.298931112843",100
21866,"ЕК София Хаджи Димитър,  ",1000,"42.70821886844,23.342916658478",100
21867,"ЕК София Хиподрума,  ",1000,"42.683416382761,23.297036075363",100
21868,"ЕК София Христо Ботев, ул. Мими Балканска 95",1000,"42.69182,23.38643",100
21869,"ЕК София Христо Смирненски, ул. Слатинска 35",1000,"42.68915,23.371",100
21870,"ЕК София Цар Самуил, ул. Цар Самуил 74",1000,"42.699288098064,23.318635298425",100
21871,"ЕК София Цар Симеон, ул. Цар Симеон 133",1000,"42.702720516321,23.312876614611",100
21872,"ЕК София Цариградски комплекс,  ",1000,"42.647479751259,23.402408327103",100
21873,"ЕК София Цариградско шосе, бул. Цариградско шосе 1",1000,"42.6564954,23.3870183",100
21874,"ЕК София Челопечене, ул. Ангел Маджаров 51-71",1000,"42.731945358161,23.475766470985",100
21875,"ЕК София Черковна, ул. Марагидик 10-12",1000,"42.693811144409,23.353825011253",100
21744,"ЕК София, ул. Резбарска 11",1000,"42.715536272615,23.359397797821",100
21876,"ЕК Средец, ул. Васил Коларов 34",8300,"42.348591787601,27.187241008835",100
21877,"ЕК Стамболийски, Цар Симеон 40",4210,"42.132009048601,24.537657633362",100
21992,"ЕК Стара Загора 24/7 Еконтомат - Парк МОЛ, бул. Ни",6000,"42.42701,25.66229",100
21988,"ЕК Стара Загора 24/7 Еконтомат - Център, бул. Цар ",6000,"42.423447221597,25.626326002655",100
21880,"ЕК Стара Загора Гурко, ул. Генерал Гурко 4",6000,"42.421402461405,25.618255131283",100
21882,"ЕК Стара Загора ЖП гара, ул. Герасим Папазчев 8",6000,"42.414872867274,25.627084871025",100
21883,"ЕК Стара Загора Индустриален, ул. Промишлена 1",6000,"42.409645117134,25.625935187893",100
21881,"ЕК Стара Загора кв. Железник Обръщалото, ул. Загор",6000,"42.40989,25.5894",100
21884,"ЕК Стара Загора кв.Железник, бул. Цар Симеон Велик",6000,"42.414474600195,25.6004984587",100
21885,"ЕК Стара Загора Мартинели, ул. Индустриална 1",6000,"42.415394351222,25.639772236656",100
21886,"ЕК Стара Загора Мототехника, бул. Цар Симеон Велик",6000,"42.427840000426,25.646310945244",100
21887,"ЕК Стара Загора Площад Берое, ул. Свещеник Георги ",6000,"42.430178369223,25.616410663681",100
21888,"ЕК Стара Загора Раковски, ул. Веселин Ханчев 2",6000,"42.434488814314,25.633851740437",100
21889,"ЕК Стара Загора Три Чучурa, ул. Никола Икономов 5",6000,"42.419535588697,25.606581836228",100
21890,"ЕК Стара Загора Хаджи Д. Асенов, ул. Хаджи Димитър",6000,"42.425906581776,25.62402227581",100
21891,"ЕК Стара Загора Цар Иван Шишман, бул. Христо Ботев",6000,"42.422246766151,25.630848768787",100
21892,"ЕК Стражица, ул. Михал Друмев 1",5150,"43.226536923345,25.961170042725",100
21893,"ЕК Суворово, ул. Бачо Киро 1а",9170,"43.327982269153,27.593244259205",100
21894,"ЕК Съединение, ул. Баба Исака Скачкова 6",4190,"42.273118951705,24.539554831696",100
21895,"ЕК Сърница, ул. Свобода 9",4633,"41.736185665783,24.025683761196",100
21896,"ЕК Твърдица, ул. Хан Аспарух 13",8890,"42.701405,25.897954",100
21897,"ЕК Тервел, ул. Трети март 15",9450,"43.747201670053,27.4111897979",100
21898,"ЕК Тетевен, ул. Петко Милев Страшния 29А",5700,"42.916890114567,24.259697326945",100
21899,"ЕК Тополовград, ул. Христо Смирненски 18",6560,"42.087741483833,26.337696900921",100
21901,"ЕК Троян Каравелов, ул. Кирил и Методий 17",5600,"42.889539089098,24.709409098429",100
21902,"ЕК Троян Лъгът, ул. Генерал Карцов 206",5600,"42.87126641823,24.711162438946",100
21900,"ЕК Троян, ул. Димитър Икономов Димитриката 23",5600,"42.88218125473,24.712881734924",100
21903,"ЕК Труд, ул. Янтра 2Б",4199,"42.232992079472,24.724249732227",100
21904,"ЕК Тръстеник, пл. България 1",5857,"43.520383877226,24.473187866516",100
21905,"ЕК Трявна, ул. Бачо Киро 9",5350,"42.866727397,25.493093396111",100
21906,"ЕК Тутракан, ул. Родина 10",7600,"44.044688652502,26.614029669228",100
21909,"ЕК Търговище Запад, бул. Сюрен 1",7700,"43.243547389097,26.562203061877",100
21910,"ЕК Търговище Пазара, ул. Генерал Скобелев 1",7700,"43.25002,26.56932",100
21911,"ЕК Търговище Театъра, ул. Петко Р. Славейков 36",7700,"43.24440384193,26.574054588361",100
21907,"ЕК Търговище,  ",7700,"43.25927,26.570898",100
21913,"ЕК Харманли Пазара, ул. Марин Велев 1",6450,"41.932477655308,25.900743822407",100
21912,"ЕК Харманли, ул. Стефан Льондев 1",6450,"41.927706223904,25.907593914989",100
21915,"ЕК Хасково Kняз Борис, ул. Княз Борис I 3",6300,"41.938687385761,25.55429682209",100
21916,"ЕК Хасково XXI -ви век, ул. Драгоман 42",6300,"41.928511201774,25.560199943673",100
21917,"ЕК Хасково Болярово, ул. Хасковска 22",6300,"41.928891528997,25.508175983019",100
21918,"ЕК Хасково Веспрем, кв. Веспрем 1",6300,"41.943769484978,25.558657339172",100
21919,"ЕК Хасково кв.Бадема, Места 1",6300,"41.937887864782,25.536759784775",100
21920,"ЕК Хасково кв.Хисаря, ул. Лом 1",6300,"41.92208,25.55854",100
21921,"ЕК Хасково Орфей, ул. Димитровградско шосе 22",6300,"41.953905031677,25.557593980326",100
21922,"ЕК Хасково Цар Освободител, ул. Цар Освободител 41",6300,"41.933497244813,25.547900339918",100
21914,"ЕК Хасково, бул. Съединение 66",6300,"41.931325505763,25.58770659935",100
21923,"ЕК Хисаря, ул. Любен Каравелов 1",4180,"42.507917958993,24.709331916428",100
21989,"ЕК Цалапица, ул. Отец Паисий 7",4218,"42.186035895166,24.566923634872",100
21993,"ЕК Цар Калоян, пл. Демокрация 2",7280,"43.610490590777,26.238393476562",100
21924,"ЕК Царево, ул. Михаил Герджиков 11",8260,"42.16755,27.84807",100
21925,"ЕК Чепеларе, ул. Васил Дечев 13",4850,"41.72680326609,24.686020218124",100
21926,"ЕК Червен Бряг Общината, ул. Г. С. Раковски 24",5980,"43.279251814547,24.08316869503",100
21927,"ЕК Чирпан Георги Димитров, ул. Кочо Цветаров 44А",6200,"42.196719594379,25.334283334007",100
21928,"ЕК Чирпан Площада, ул. Братя Даскалови 12",6200,"42.201905524257,25.32330129787",100
21929,"ЕК Шабла, ул. Боровец 5",9680,"43.536936,28.534824",100
21931,"ЕК Шумен Дивдядово, бул. Велики Преслав 136",9700,"43.24177,26.92739",100
21932,"ЕК Шумен Осми март, ул. Петра 22",9700,"43.265506093709,26.93288953373",100
21933,"ЕК Шумен Руски Паметник, ул. Цар Освободител 6",9700,"43.27391953157,26.936916748688",100
21934,"ЕК Шумен Скобелев, ул. Генерал Скобелев 42",9700,"43.277713065061,26.915554826014",100
21935,"ЕК Шумен Тракия, ул. Строител 5",9700,"43.27327,26.94442",100
21936,"ЕК Шумен Турбо, ул. Оборище 6",9700,"43.270896829688,26.914826952783",100
21937,"ЕК Шумен Цар Освободител, ул. Цар Освободител 114",9700,"43.272425606151,26.923955632263",100
21930,"ЕК Шумен, бул. Ришки проход 191A",9700,"43.256703480555,26.949016243286",100
21938,"ЕК Щръклево, ул. Централна 35А",7078,"43.714778921633,26.039893916206",100
21939,"ЕК Ябланица, ул. Ген. Гурко 104",5750,"43.033394901952,24.100566589279",100
21940,"ЕК Ягодово, ул. Околовръстен път 1",4113,"42.116408429379,24.83637063797",100
22003,"ЕК Якоруда - Джамал Тачев, ул. Крайречна 1",2790,"42.00418,23.08248",100
21942,"ЕК Ямбол Автогара Батак, ул. Страшимир Кринчев 1",8600,"42.476682435545,26.497599769173",100
21943,"ЕК Ямбол Бенковски,  ",8600,"42.50031,26.52921",100
21944,"ЕК Ямбол Граф Игнатиев, ул. Граф Игнатиев 78",8600,"42.46991,26.52134",100
21945,"ЕК Ямбол Златен рог, ул. Златен pог 81",8600,"42.480753960303,26.487919682968",100
21946,"ЕК Ямбол Зорница, ж.к. Зорница 9А",8600,"42.478184744292,26.526964782157",100
21947,"ЕК Ямбол Индустриална, Индустриална 1",8600,"42.487473511082,26.487415125923",100
21948,"ЕК Ямбол Искър, ул. Срем 2",8600,"42.481939079918,26.514552190552",100
21949,"ЕК Ямбол Трите вятъра, ул. Николай Петрини 32",8600,"42.482172963853,26.499474169312",100
21941,"ЕК Ямбол, ул. Жорж Папазов 11",8600,"42.487372852508,26.505067189102",100
